ID;Year;Month;Day;DATE;TSU;EQ;Name;Location;Country;Latitude;Longitude;Elevation;Type;Status;Time;VEI;Agent;DEATHS;DEATHS_DESCRIPTION;MISSING;MISSING_DESCRIPTION;INJURIES;INJURIES_DESCRIPTION;DAMAGE_MILLIONS_DOLLARS;DAMAGE_DESCRIPTION;HOUSES_DESTROYED;HOUSES_DESTROYED_DESCRIPTION;TOTAL_DEATHS;TOTAL_DEATHS_DESCRIPTION;TOTAL_MISSING;TOTAL_MISSING_DESCRIPTION;TOTAL_INJURIES;TOTAL_INJURIES_DESCRIPTION;TOTAL_DAMAGE_MILLIONS_DOLLARS;TOTAL_DAMAGE_DESCRIPTION;TOTAL_HOUSES_DESTROYED;TOTAL_HOUSES_DESTROYED_DESCRIPTION
V1;-4360;;;;;;Macauley Island;Kermadec Is;New Zealand;-30,2;-178,47;238;Caldera;Holocene;U;6;;;;;;;;;;;;;;;;;;;;;
V2;-4350;;;;;;Kikai;Ryukyu Is;Japan;30,78;130,28;717;Caldera;Historical;D1;7;P;;3;;;;;;3;;3;;3;;;;;;3;;3
V3;-4050;;;;;;Masaya;Nicaragua;Nicaragua;11,984;-86,161;635;Caldera;Historical;D1;6;;;;;;;;;;;;;;;;;;;;;
V4;-4000;;;;;;Pago;New Britain-SW Pac;Papua New Guinea;-5,58;150,52;742;Caldera;Historical;D2;6;;;1;;;;;;1;;;;;;;;;;;;
V5;-3580;;;;;;Taal;Luzon-Philippines;Philippines;14,002;120,993;400;Stratovolcano;Historical;D1;6;;;;;;;;;;;;;;;;;;;;;
V6;-3550;;;;;;Pinatubo;Luzon-Philippines;Philippines;15,13;120,35;1486;Stratovolcano;Historical;D1;6;;;;;;;;;;;;;;;;;;;;;
V7;-2040;;;;;;Long Island;New Guinea-NE of;Papua New Guinea;-5,358;147,12;1280;Complex volcano;Historical;D1;6;;;;;;;;;;;;;;;;;;;;;
V8;-1900;;;;;;Black Peak;Alaska Peninsula;United States;56,53;-158,8;1032;Stratovolcano;Radiocarbon;D7;6;;;;;;;;;;;;;;;;;;;;;
V9;-1860;;;;;;St. Helens;US-Washington;United States;46,2;-122,18;2549;Stratovolcano;Historical;D1;6;;;;;;;;;;;;;;;;;;;;;
V10;-1750;;;;;;Veniaminof;Alaska Peninsula;United States;56,17;-159,38;2507;Stratovolcano;Historical;D1;6;;;;;;;;;;;;;;;;;;;;;
V11;-1645;;;;;;Aniakchak;Alaska Peninsula;United States;56,88;-158,17;1341;Caldera;Historical;D2;6;;;;;;;;;;;;;;;;;;;;;
V12;-1610;;;;TSU;EQ;Santorini;Greece;Greece;36,404;25,396;329;Shield volcano;Historical;D2;6;W;;;;;;;;;;;;3;;;;;;3;;
V13;-1550;;;;TSU;;Redoubt;Alaska-SW;United States;60,48;-152,75;3108;Stratovolcano;Historical;D1;;;;;;;;;;;;;;;;;;;;;;
V14;-1460;;;;;;Taupo;New Zealand;New Zealand;-38,82;176;760;Caldera;Radiocarbon;D6;6;;;;;;;;;;;;;;;;;;;;;
V15;-1370;;;;;;Pago;New Britain-SW Pac;Papua New Guinea;-5,58;150,52;742;Caldera;Historical;D2;6;;;;;;;;;;;;;;;;;;;;;
V16;-1050;;;;;;Pinatubo;Luzon-Philippines;Philippines;15,13;120,35;1486;Stratovolcano;Historical;D1;6;;;;;;;;;;;;;;;;;;;;;
V17;-250;;;;;;Raoul Island;Kermadec Is;New Zealand;-29,27;-177,92;516;Stratovolcano;Historical;D1;6;;;;;;;;;;;;;;;;;;;;;
V18;-197;;;;TSU;;Santorini;Greece;Greece;36,404;25,396;329;Shield volcano;Historical;D2;3;;;;;;;;;;;;;;;;;;;;;
V19;-150;;;;;;St. Andrew Strait;Admiralty Is-SW Paci;Papua New Guinea;-2,38;147,35;270;Complex volcano;Historical;D2;;;;3;;;;;;;;;;3;;;;;;;;
V20;-141;;;;;;Etna;Italy;Italy;37,734;15,004;3350;Stratovolcano;Historical;D1;;;40;1;;;;;;;;;40;1;;;;;;;;
V21;-100;;;;;;Okmok;Aleutian Is;United States;53,42;-168,13;1073;Shield volcano;Historical;D1;6;;;;;;;;;;;;;;;;;;;;;
V22;-50;;;;;;Apoyeque;Nicaragua;Nicaragua;12,242;-86,342;518;Pyroclastic shield;Radiocarbon;D7;6;;;;;;;;;;;;;;;;;;;;;
V23;46;;;;TSU;;Santorini;Greece;Greece;36,404;25,396;329;Shield volcano;Historical;D2;3;;;;;;;;;;;;;;;;;;;;;
V24;50;;;;;;Ambrym;Vanuatu-SW Pacific;Vanuatu;-16,25;168,12;1334;Pyroclastic shield;Historical;D1;6;;;;;;;;;;;;;;;;;;;;;
V25;60;;;;;;Bona-Churchill;Alaska-E;United States;61,38;-141,75;5005;Stratovolcano;Radiocarbon;D6;6;;;;;;;;;;;;;;;;;;;;;
V26;79;8;24;79/8/24;;;Vesuvius;Italy;Italy;40,821;14,426;1281;Complex volcano;Historical;D2;5;P,T;3500;4;;;;;;;;;3500;4;;;;;;;;
V27;200;;;;;;Arhab, Harra of;Arabia-S;Yemen;15,63;44,08;3100;Volcanic field;Historical;D6;;;;;;;;;;1;;;;;;;;;;1;;
V28;230;;;;;;Taupo;New Zealand;New Zealand;-38,82;176;760;Caldera;Radiocarbon;D6;6;;;;;;;;;;;;;;;;;;;;;
V29;240;;;;;;Ksudach;Kamchatka;Russia;51,8;157,53;1079;Stratovolcano;Historical;D2;6;;;;;;;;;;;;;;;;;;;;;
V30;350;;;;TSU;;Augustine;Alaska-SW;United States;59,37;-153,42;1252;Lava dome;Historical;D1;;;;;;;;;;;;;;;;;;;;;;
V31;416;;;;TSU;;Krakatau;Indonesia;Indonesia;-6,102;105,423;813;Caldera;Historical;D1;;W;;1;;;;;;1;;;;3;;;;;;4;;
V32;450;;;;;;Ilopango;El Salvador;El Salvador;13,672;-89,053;450;Caldera;Historical;D3;6;;30000;4;;;;;;;;;30000;4;;;;;;;;
V33;500;;;;;;Arhab, Harra of;Arabia-S;Yemen;15,63;44,08;3100;Volcanic field;Historical;D6;;;;;;;;;;1;;;;;;;;;;1;;
V34;540;;;;;;Rabaul;New Britain-SW Pac;Papua New Guinea;-4,271;152,203;688;Pyroclastic shield;Historical;D1;6;;;;;;;;;1;;;;;;;;;;;;
V35;590;;;;;;San Salvador;El Salvador;El Salvador;13,736;-89,286;1893;Stratovolcano;Historical;D2;;;;1;;;;;;;;;;1;;;;;;;;
V36;640;;;;;;Uwayrid, Harrat;Arabia-W;Saudi Arabia;27,08;37,25;1900;Volcanic field;Anthropology;D6;2;T;;1;;;;;;;;;;1;;;;;;;;
V37;710;;;;;;Pago;New Britain-SW Pac;Papua New Guinea;-5,58;150,52;742;Caldera;Historical;D2;6;;;;;;;;;;;;;;;;;;;;;
V38;764;;;;;;Sakura-jima;Kyushu-Japan;Japan;31,58;130,67;1117;Stratovolcano;Historical;D1;4;T,L;80;2;;;;;;;;;80;2;;;;;;;;
V39;766;7;20;766/7/20;TSU;EQ;Sakura-jima;Kyushu-Japan;Japan;31,58;130,67;1117;Stratovolcano;Historical;D1;3;;;3;;;;;;;;;;3;;;;;;;;
V40;787;;;;;;Vesuvius;Italy;Italy;40,821;14,426;1281;Complex volcano;Historical;D2;3;;;1;;;;;;1;;;;1;;;;;;1;;
V41;800;;;;;;Dakataua;New Britain-SW Pac;Papua New Guinea;-5,056;150,108;400;Caldera;Anthropology;D3;6;;;;;;;;;;;;;;;;;;;;;
V42;800;;;;;;Bona-Churchill;Alaska-E;United States;61,38;-141,75;5005;Stratovolcano;Radiocarbon;D6;6;;;;;;;;;;;;;;;;;;;;;
V43;920;;;;;;Katla;Iceland-S;Iceland;63,63;-19,05;1512;Subglacial volcano;Historical;D2;4;;;;;;;;;1;;;;;;;;;;;;
V44;930;;;;;;Ceboruco;Mexico;Mexico;21,125;-104,508;2280;Stratovolcano;Historical;D3;6;;;;;;;;;;;;;;;;;;;;;
V45;934;;;;;;Katla;Iceland-S;Iceland;63,63;-19,05;1512;Subglacial volcano;Historical;D2;4;;;;;;;;;1;;;;;;;;;;1;;
V46;950;;;;;;Katla;Iceland-S;Iceland;63,63;-19,05;1512;Subglacial volcano;Historical;D2;;;;;;;;;;1;;;;;;;;;;;;
V47;1000;;;;;;Changbaishan;China-E;North Korea;41,98;128,08;2744;Stratovolcano;Historical;D4;7;;;;;;;;;;;;;;;;;;;;;
V48;1050;;;;TSU;;Santorini;Greece;Greece;36,404;25,396;329;Shield volcano;Historical;D2;;;;;;;;;;;;;;;;;;;;;;
V49;1104;10;15;1104/10/15;;;Hekla;Iceland-S;Iceland;63,98;-19,7;1491;Stratovolcano;Historical;D1;5;;;;;;;;;1;;;;;;;;;;1;;
V50;1151;;;;;;Krisuvik;Iceland-SW;Iceland;63,93;-22,1;379;Crater rows;Historical;D6;1;;;;;;;;;1;;;;;;;;;;1;;
V51;1158;1;19;1158/1/19;;;Hekla;Iceland-S;Iceland;63,98;-19,7;1491;Stratovolcano;Historical;D1;4;;;;;;;;;1;;;;;;;;;;1;;
V52;1169;2;4;1169/2/4;TSU;EQ;Etna;Italy;Italy;37,734;15,004;3350;Stratovolcano;Historical;D1;;S,W;;;;;;;;;;;16000;4;;;;;;4;;
V53;1169;2;11;1169/2/11;TSU;;Etna;Italy;Italy;37,734;15,004;3350;Stratovolcano;Historical;D1;;;;;;;;;;;;;;;;;;;;;;
V54;1177;;;;;;Katla;Iceland-S;Iceland;63,63;-19,05;1512;Subglacial volcano;Historical;D2;3;;;;;;;;;1;;;;;;;;;;1;;
V55;1206;12;4;1206/12/4;;;Hekla;Iceland-S;Iceland;63,98;-19,7;1491;Stratovolcano;Historical;D1;2;;;;;;;;;1;;;;;;;;;;1;;
V56;1250;;;;;;Fentale;Africa-NE;Ethiopia;8,975;39,93;2007;Stratovolcano;Historical;D3;;;;;;;;;;1;;;;;;;;;;;;
V57;1262;;;;;;Katla;Iceland-S;Iceland;63,63;-19,05;1512;Subglacial volcano;Historical;D2;3;F;;1;;;;;;;;;;1;;;;;;;;
V58;1280;;;;;;Quilotoa;Ecuador;Ecuador;-0,85;-78,9;3914;Caldera;Radiocarbon;D6;6;;;;;;;;;1;;;;;;;;;;;;
V59;1300;7;11;1300/7/11;;;Hekla;Iceland-S;Iceland;63,98;-19,7;1491;Stratovolcano;Historical;D1;4;;;3;;;;;;;;;;3;;;;;;;;
V60;1302;;;;;;Ischia;Italy;Italy;40,73;13,897;789;Complex volcano;Historical;D6;;;;1;;;;;;;;;;1;;;;;;;;
V61;1311;1;18;1311/1/18;;;Katla;Iceland-S;Iceland;63,63;-19,05;1512;Subglacial volcano;Historical;D2;4;F;;2;;;;;;;;;;2;;;;;;;;
V62;1311;;;;;;Kelut;Java;Indonesia;-7,93;112,308;1731;Stratovolcano;Historical;D1;3;;;1;;;;;;;;;;1;;;;;;;;
V63;1329;6;28;1329/6/28;TSU;;Etna;Italy;Italy;37,734;15,004;3350;Stratovolcano;Historical;D1;3;;;;;;;;;;;;;;;;;;;1;;1
V64;1329;7;;;;;Etna;Italy;Italy;37,734;15,004;3350;Stratovolcano;Historical;D1;1;I;;3;;;;;;;;;;3;;;;;;;;
V65;1331;12;;;;;Aso;Kyushu-Japan;Japan;32,88;131,1;1592;Caldera;Historical;D1;2;;;1;;;;;;;;;;1;;;;;;;;
V66;1334;;;;;;Kelut;Java;Indonesia;-7,93;112,308;1731;Stratovolcano;Historical;D1;3;;;1;;;;;;;;;;1;;;;;;;;
V67;1341;5;19;1341/5/19;;;Hekla;Iceland-S;Iceland;63,98;-19,7;1491;Stratovolcano;Historical;D1;3;;;;;;;;;1;;;;;;;;;;1;;
V68;1357;;;;;;Katla;Iceland-S;Iceland;63,63;-19,05;1512;Subglacial volcano;Historical;D2;4;;;;;;;;;1;;;;;;;;;;1;;
V69;1362;6;5;1362/6/5;;;Oraefajokull;Iceland-SE;Iceland;64;-16,65;2119;Stratovolcano;Historical;D4;5;T,F;220;3;;;;;;;;;220;3;;;;;;;;
V70;1376;;;;;;Kelut;Java;Indonesia;-7,93;112,308;1731;Stratovolcano;Historical;D1;3;;;1;;;;;;;;;;1;;;;;;;;
V71;1385;;;;;;Kelut;Java;Indonesia;-7,93;112,308;1731;Stratovolcano;Historical;D1;3;;;1;;;;;;;;;;1;;;;;;;;
V72;1389;12;1;1389/12/1;;;Hekla;Iceland-S;Iceland;63,98;-19,7;1491;Stratovolcano;Historical;D1;3;;;;;;;;;1;;;;;;;;;;1;;
V73;1410;3;5;1410/3/5;;;Nasu;Honshu-Japan;Japan;37,12;139,97;1917;Stratovolcano;Historical;D2;3;;180;3;;;;;;;;;180;3;;;;;;;;
V74;1452;;;;;;Kuwae;Vanuatu-SW Pacific;Vanuatu;-16,829;168,536;-2;Caldera;Historical;D1;6;P;;3;;;;;;;;;;3;;;;;;;;
V75;1471;11;3;1471/11/3;;;Sakura-jima;Kyushu-Japan;Japan;31,58;130,67;1117;Stratovolcano;Historical;D1;5;P;;3;;;;;;;;;;3;;;;;;;;
V76;1477;2;;;;;Bardarbunga;Iceland-NE;Iceland;64,63;-17,53;2000;Stratovolcano;Historical;D2;6;;;;;;;;;1;;;;;;;;;;1;;
V77;1485;1;;;;;Aso;Kyushu-Japan;Japan;32,88;131,1;1592;Caldera;Historical;D1;2;;1;1;;;;;;;;;1;1;;;;;;;;
V78;1500;;;;;;Katla;Iceland-S;Iceland;63,63;-19,05;1512;Subglacial volcano;Historical;D2;4;;;;;;;;;1;;;;;;;;;;1;;
V79;1510;7;25;1510/7/25;;;Hekla;Iceland-S;Iceland;63,98;-19,7;1491;Stratovolcano;Historical;D1;4;T;1;1;;;;;;;;;1;1;;;;;;;;
V80;1536;3;23;1536/3/23;;;Etna;Italy;Italy;37,734;15,004;3350;Stratovolcano;Historical;D1;3;T;1;1;;;;;;;;;1;1;;;;;;;;
V81;1538;9;29;1538/9/29;;;Campi Flegrei;Italy;Italy;40,827;14,139;458;Caldera;Historical;D5;3;T;24;1;;;;;;;;;24;1;;;;;;;;
V82;1540;;;;TSU;;Augustine;Alaska-SW;United States;59,37;-153,42;1252;Lava dome;Historical;D1;4;;;;;;;;;;;;;;;;;;;;;
V83;1550;11;;;;;Dukono;Halmahera-Indonesia;Indonesia;1,68;127,88;1185;Complex volcano;Historical;D1;3;;;1;;;;;;;;;;1;;;;;;;;
V84;1564;12;31;1564/12/31;;;Gamkonora;Halmahera-Indonesia;Indonesia;1,375;127,52;1635;Stratovolcano;Historical;D1;3;;;1;;;;;;;;;;1;;;;;;;;
V85;1565;8;;;;EQ;Pacaya;Guatemala;Guatemala;14,381;-90,601;2552;Complex volcano;Historical;D1;3;;;;;;;;;1;;;;;;;;;;1;;
V86;1566;10;31;1566/10/31;;;Kirishima;Kyushu-Japan;Japan;31,93;130,87;1700;Shield volcano;Historical;D1;3;;;3;;;;;;;;;;3;;;;;;;;
V87;1570;;;;;;Mombacho;Nicaragua;Nicaragua;11,826;-85,968;1344;Stratovolcano;Holocene;U;;A;400;3;;;;;;;;;400;3;;;;;;;;
V88;1576;;;;;;Colima;Mexico;Mexico;19,514;-103,62;3850;Stratovolcano;Historical;D1;3;;;1;;;;;;;;;;1;;;;;;;;
V89;1580;5;1;1580/5/1;;;San Jorge;Azores;Portugal;38,65;-28,08;1053;Fissure vent;Historical;D2;3;P;10;1;;;;;;;;;10;1;;;;;;;;
V90;1580;8;11;1580/8/11;;;Katla;Iceland-S;Iceland;63,63;-19,05;1512;Subglacial volcano;Historical;D2;4;;;;;;;;;;;;;;;;;;;;;
V91;1581;12;26;1581/12/26;;;Fuego;Guatemala;Guatemala;14,473;-90,88;3763;Stratovolcano;Historical;D1;4;;;;;;;;;1;;;;;;;;;;1;;
V92;1586;;;;;;Kelut;Java;Indonesia;-7,93;112,308;1731;Stratovolcano;Historical;D1;5;;10000;4;;;;;;;;;10000;4;;;;;;;;
V93;1587;;;;;;Merapi;Java;Indonesia;-7,542;110,442;2947;Stratovolcano;Historical;D1;4;;;1;;;;;;;;;;1;;;;;;;;
V94;1593;;;;;;Raung;Java;Indonesia;-8,125;114,042;3332;Stratovolcano;Historical;D1;5;;;3;;;;;;;;;;3;;;;;;;;
V95;1595;3;12;1595/3/12;;;Ruiz;Colombia;Colombia;4,895;-75,322;5321;Stratovolcano;Historical;D1;4;M;636;3;;;;;;;;;636;3;;;;;;;;
V96;1596;5;1;1596/5/1;;;Asama;Honshu-Japan;Japan;36,4;138,53;2560;Complex volcano;Historical;D1;2;T;;3;;;;;;;;;;3;;;;;;;;
V97;1597;1;3;1597/1/3;;;Hekla;Iceland-S;Iceland;63,98;-19,7;1491;Stratovolcano;Historical;D1;4;;;;;;;;;1;;;;;;;;;;1;;
V98;1597;;;;;;Raung;Java;Indonesia;-8,125;114,042;3332;Stratovolcano;Historical;D1;3;T;;1;;;;;;;;;;1;;;;;;;;
V99;1598;5;13;1598/5/13;;;Asama;Honshu-Japan;Japan;36,4;138,53;2560;Complex volcano;Historical;D1;2;T;800;3;;;;;;;;;800;3;;;;;;;;
V100;1598;;;;;;Banda Api;Banda Sea;Pacific Ocean;-4,525;129,871;640;Caldera;Historical;D1;3;;;1;;;;;;;;;;1;;;;;;;;
V101;1600;2;19;1600/2/19;;EQ;Huaynaputina;Peru;Peru;-16,608;-70,85;4850;Stratovolcano;Historical;D5;6;S;1400;4;;;;;;;;;1400;4;;;;;;;;
V102;1606;1;23;1606/1/23;TSU;;Hachijo-jima;Izu Is-Japan;Japan;33,13;139,77;854;Stratovolcano;Historical;D5;2;;;;;;;;;;;;;;;;;;;;;
V103;1608;7;18;1608/7/18;TSU;;Gamalama;Halmahera-Indonesia;Indonesia;0,8;127,325;1715;Stratovolcano;Historical;D1;3;;;;;;;;;1;;;;;;;;;;;;
V104;1609;;;;;;Tengchong;China-S;China;25,32;98,47;2865;Pyroclastic cone;Historical;D5;;E;;1;;;;;;;;;;1;;;;;;;;
V105;1615;3;;;;;Banda Api;Banda Sea;Pacific Ocean;-4,525;129,871;640;Caldera;Historical;D1;3;;;;;;;;;2;;2;;;;;;;;2;;2
V106;1617;;;;;;Fuego;Guatemala;Guatemala;14,473;-90,88;3763;Stratovolcano;Historical;D1;3;;;;;;;;;;;;;;;;;;;;;
V107;1625;9;2;1625/9/2;;;Katla;Iceland-S;Iceland;63,63;-19,05;1512;Subglacial volcano;Historical;D2;5;;;;;;;;;;;;;;;;;;;;;
V108;1629;;;;;;Grimsvotn;Iceland-NE;Iceland;64,42;-17,33;1725;Caldera;Historical;D1;2;F;4;1;;;;;;;;;4;1;;;;;;;;
V109;1630;9;3;1630/9/3;;;Furnas;Azores;Portugal;37,77;-25,32;805;Stratovolcano;Historical;D5;4;M,T;200;3;;;;;;;;;200;3;;;;;;;;
V110;1631;2;14;1631/2/14;;EQ;Dama Ali;Africa-NE;Ethiopia;11,28;41,63;1068;Shield volcano;Historical;D5;;S;50;1;;;;;;2;;;50;1;;;;;;2;;
V111;1631;12;16;1631/12/16;TSU;EQ;Vesuvius;Italy;Italy;40,821;14,426;1281;Complex volcano;Historical;D2;4;P,E,M;4000;4;;;;;;4;;4;4000;4;;;;;;4;;4
V112;1636;5;15;1636/5/15;;;Hekla;Iceland-S;Iceland;63,98;-19,7;1491;Stratovolcano;Historical;D1;3;;;;;;;;;1;;;;;;;;;;1;;
V113;1638;;;;;;Raung;Java;Indonesia;-8,125;114,042;3332;Stratovolcano;Historical;D1;3;M;1000;3;;;;;;;;;1000;3;;;;;;;;
V114;1640;7;31;1640/7/31;TSU;EQ;Komaga-take;Hokkaido-Japan;Japan;42,07;140,68;1140;Stratovolcano;Historical;D1;5;W;;;;;;;;;;;700;3;;;;;;1;20;1
V115;1646;7;19;1646/7/19;;;Makian;Halmahera-Indonesia;Indonesia;0,32;127,4;1357;Stratovolcano;Historical;D1;4;;;3;;;;;;;;;;3;;;;;;;;
V116;1650;9;26;1650/9/26;TSU;;Santorini;Greece;Greece;36,404;25,396;329;Shield volcano;Historical;D2;4;G,W,T;120;3;;;;;;;;;120;3;;;;;;;;
V117;1659;9;30;1659/9/30;;EQ;San Salvador;El Salvador;El Salvador;13,736;-89,286;1893;Stratovolcano;Historical;D2;3;S;;;;;;;;;;;;;;;;;;;;
V118;1659;11;11;1659/11/11;TSU;;Teon;Banda Sea;Pacific Ocean;-6,92;129,125;655;Stratovolcano;Historical;D2;4;;;;;;;;;;;;;;;;;;;;;
V119;1660;2;;;;;Teon;Banda Sea;Pacific Ocean;-6,92;129,125;655;Stratovolcano;Historical;D2;4;G,T;3;1;;;;;;;;;3;1;;;;;;;;
V120;1660;11;3;1660/11/3;;;Katla;Iceland-S;Iceland;63,63;-19,05;1512;Subglacial volcano;Historical;D2;4;;;;;;;;;1;;;;;;;;;;1;;
V121;1660;;;;TSU;;Long Island;New Guinea-NE of;Papua New Guinea;-5,358;147,12;1280;Complex volcano;Historical;D1;6;T,P,W,I;2000;4;;;;;;3;;3;2000;4;;;;;;3;;3
V122;1663;8;16;1663/8/16;;;Usu;Hokkaido-Japan;Japan;42,53;140,83;731;Stratovolcano;Historical;D1;5;T,P;5;1;;;;;;;;;5;1;;;;;;;;
V123;1664;4;15;1664/4/15;;;Unzen;Kyushu-Japan;Japan;32,75;130,3;1500;Complex volcano;Historical;D1;2;m;30;1;;;;;;;;;30;1;;;;;;;;
V124;1664;;;;TSU;;Iwo-Tori-shima;Ryukyu Is;Japan;27,85;128,25;217;Complex volcano;Historical;D1;;A;1;1;;;;;;;;;1;1;;;;;;1;;1
V125;1669;3;11;1669/3/11;;EQ;Etna;Italy;Italy;37,734;15,004;3350;Stratovolcano;Historical;D1;3;;;3;;;;;;;;;;3;;;;;;;;
V126;1670;;;;;;Aoba;Vanuatu-SW Pacific;Vanuatu;-15,4;167,83;1496;Shield volcano;Historical;D1;2;L;;3;;;;;;;;;;3;;;;;;;;
V127;1672;4;24;1672/4/24;;;Fayal;Azores;Portugal;38,6;-28,73;1043;Stratovolcano;Historical;D2;2;;3;1;;;;;;;;;3;1;;;;;;;;
V128;1672;8;4;1672/8/4;;;Merapi;Java;Indonesia;-7,542;110,442;2947;Stratovolcano;Historical;D1;3;P;3000;4;;;;;;;;;3000;4;;;;;;;;
V129;1673;5;20;1673/5/20;TSU;;Gamkonora;Halmahera-Indonesia;Indonesia;1,375;127,52;1635;Stratovolcano;Historical;D1;5;W;;;;;;;;;;;;3;;;;;;;;
V130;1677;11;22;1677/11/22;;;La Palma;Canary Is;Spain;28,58;-17,83;2426;Stratovolcano;Historical;D1;2;G;1;1;;;;;;;;;1;1;;;;;;;;
V131;1679;9;21;1679/9/21;;EQ;Zukur;Red Sea;Yemen;14,02;42,75;624;Shield volcano;Holocene;U;;;;;;;;;;;;;;;;;;;;;;
V132;1682;8;12;1682/8/12;;;Vesuvius;Italy;Italy;40,821;14,426;1281;Complex volcano;Historical;D2;3;;4;1;;;;;;;;;4;1;;;;;;;;
V133;1684;12;;;;;Grimsvotn;Iceland-NE;Iceland;64,42;-17,33;1725;Caldera;Historical;D1;2;F;1;1;;;;;;;;;1;1;;;;;;;;
V134;1690;2;3;1690/2/3;TSU;;Vesuvius;Italy;Italy;40,821;14,426;1281;Complex volcano;Historical;D2;;;;;;;;;;;;;;;;;;;;;;
V135;1690;;;;;;Guntur;Java;Indonesia;-7,13;107,83;2249;Complex volcano;Historical;D3;3;;;1;;;;;;;;;;1;;;;;;;;
V136;1692;6;4;1692/6/4;;;Serua;Banda Sea;Pacific Ocean;-6,3;130;641;Stratovolcano;Historical;D2;4;L;;2;;;;;;;;;;2;;;;;;;;
V137;1693;1;9;1693/1/9;;EQ;Etna;Italy;Italy;37,734;15,004;3350;Stratovolcano;Historical;D1;;;;;;;;;;;;;;;;;;;;;;
V138;1693;2;13;1693/2/13;TSU;;Hekla;Iceland-S;Iceland;63,98;-19,7;1491;Stratovolcano;Historical;D1;4;;;;;;;;;;;;;;;;;;;;;
V139;1694;11;20;1694/11/20;;;Banda Api;Banda Sea;Pacific Ocean;-4,525;129,871;640;Caldera;Historical;D1;3;;;2;;;;;;;;;;2;;;;;;;;
V140;1698;5;;;TSU;;Vesuvius;Italy;Italy;40,821;14,426;1281;Complex volcano;Historical;D2;3;;;;;;;;;;;;;;;;;;;;;
V141;1698;;;;;;Cereme;Java;Indonesia;-6,892;108,4;3078;Stratovolcano;Historical;D2;3;;;1;;;;;;;;;;1;;;;;;;;
V142;1698;;;;;;Cotopaxi;Ecuador;Ecuador;-0,677;-78,436;5911;Stratovolcano;Historical;D2;3;M;;2;;;;;;;;;;2;;;;;;;;
V143;1706;5;5;1706/5/5;TSU;;Tenerife;Canary Is;Spain;28,271;-16,641;3715;Stratovolcano;Historical;D2;2;;;;;;;;;3;;;;;;;;;;3;;
V144;1707;5;;;TSU;;Santorini;Greece;Greece;36,404;25,396;329;Shield volcano;Historical;D2;;;;;;;;;;;;;;;;;;;;;;
V145;1707;12;16;1707/12/16;;EQ;Fuji;Honshu-Japan;Japan;35,35;138,73;3776;Stratovolcano;Historical;D4;4;;;1;;;;;;1;75;1;;1;;;;;;1;75;1
V146;1711;12;10;1711/12/10;;;Awu;Sangihe Is-Indonesia;Indonesia;3,67;125,5;1320;Stratovolcano;Historical;D1;3;P;3000;4;;;;;;;;;3000;4;;;;;;;;
V147;1712;1;15;1712/1/15;;;Bardarbunga;Iceland-NE;Iceland;64,63;-17,53;2000;Stratovolcano;Historical;D2;2;;;;;;;;;1;;;;;;;;;;1;;
V148;1714;6;30;1714/6/30;TSU;;Vesuvius;Italy;Italy;40,821;14,426;1281;Complex volcano;Historical;D2;;;;;;;;;;;;;;;;;;;;;;
V149;1716;7;20;1716/7/20;;;Kelut;Java;Indonesia;-7,93;112,308;1731;Stratovolcano;Historical;D1;2;M;;1;;;;;;;;;;1;;;;;;;;
V150;1716;9;24;1716/9/24;TSU;EQ;Taal;Luzon-Philippines;Philippines;14,002;120,993;400;Stratovolcano;Historical;D1;4;;;1;;;;;;;;;;1;;;;;;3;;3
V151;1716;10;5;1716/10/5;;;Bardarbunga;Iceland-NE;Iceland;64,63;-17,53;2000;Stratovolcano;Historical;D2;2;;;;;;;;;1;;;;;;;;;;1;;
V152;1716;11;9;1716/11/9;;;Kirishima;Kyushu-Japan;Japan;31,93;130,87;1700;Shield volcano;Historical;D1;3;;1;1;;;31;1;;;;;1;1;;;31;1;;;;
V153;1717;2;7;1717/2/7;;;Kirishima;Kyushu-Japan;Japan;31,93;130,87;1700;Shield volcano;Historical;D1;3;;1;1;;;30;1;;;;;1;1;;;30;1;;;;
V154;1717;8;4;1717/8/4;;;Bardarbunga;Iceland-NE;Iceland;64,63;-17,53;2000;Stratovolcano;Historical;D2;3;;;;;;;;;1;;;;;;;;;;1;;
V155;1717;8;27;1717/8/27;;;Fuego;Guatemala;Guatemala;14,473;-90,88;3763;Stratovolcano;Historical;D1;3;;;;;;;;;1;;;;;;;;;;1;;
V156;1718;2;1;1718/2/1;;;Pico;Azores;Portugal;38,47;-28,4;2351;Stratovolcano;Historical;D4;2;;2;1;;;;;;;;;2;1;;;;;;;;
V157;1721;5;11;1721/5/11;;;Katla;Iceland-S;Iceland;63,63;-19,05;1512;Subglacial volcano;Historical;D2;5;;;;;;;;;1;;;;;;;;;;1;;
V158;1721;6;22;1721/6/22;;;Asama;Honshu-Japan;Japan;36,4;138,53;2560;Complex volcano;Historical;D1;1;T;15;1;;;;;;;;;15;1;;;;;;;;
V159;1726;2;1;1726/2/1;;;Bardarbunga;Iceland-NE;Iceland;64,63;-17,53;2000;Stratovolcano;Historical;D2;1;;;;;;;;;1;;;;;;;;;;1;;
V160;1727;8;3;1727/8/3;;;Oraefajokull;Iceland-SE;Iceland;64;-16,65;2119;Stratovolcano;Historical;D4;4;F;3;1;;;;;;;;;3;1;;;;;;;;
V161;1729;2;1;1729/2/1;;;Bardarbunga;Iceland-NE;Iceland;64,63;-17,53;2000;Stratovolcano;Historical;D2;1;;;;;;;;;1;;;;;;;;;;1;;
V162;1729;6;30;1729/6/30;;;Krafla;Iceland-NE;Iceland;65,73;-16,78;650;Caldera;Historical;D1;2;;;;;;;;;1;;;;;;;;;;1;;
V163;1730;9;1;1730/9/1;;;Lanzarote;Canary Is;Spain;29,03;-13,63;670;Fissure vent;Historical;D3;2;;;1;;;;;;;;;;1;;;;;;;;
V164;1730;;;;;;Raung;Java;Indonesia;-8,125;114,042;3332;Stratovolcano;Historical;D1;3;M,T;;2;;;;;;;;;;2;;;;;;;;
V165;1730;;;;;;Tseax River Cone;Canada;Canada;55,12;-128,9;609;Pyroclastic cone;Radiocarbon;D4;;G;;1;;;;;;;;;;1;;;;;;;;
V166;1737;5;20;1737/5/20;;;Vesuvius;Italy;Italy;40,821;14,426;1281;Complex volcano;Historical;D2;2;T;2;1;;;;;;2;;;2;1;;;;;;2;;
V167;1741;8;23;1741/8/23;TSU;EQ;Oshima-Oshima;Hokkaido-Japan;Japan;41,5;139,37;737;Stratovolcano;Historical;D4;4;W,S;;;;;;;;;;;1467;4;;;;;;3;871;3
V168;1742;6;15;1742/6/15;;;Cotopaxi;Ecuador;Ecuador;-0,677;-78,436;5911;Stratovolcano;Historical;D2;3;M;;3;;;;;;3;;;;3;;;;;;3;;
V169;1742;12;9;1742/12/9;;;Cotopaxi;Ecuador;Ecuador;-0,677;-78,436;5911;Stratovolcano;Historical;D2;3;M;;3;;;;;;3;;;;3;;;;;;3;;
V170;1749;8;11;1749/8/11;TSU;EQ;Taal;Luzon-Philippines;Philippines;14,002;120,993;400;Stratovolcano;Historical;D1;3;;;1;;;;;;1;;;;1;;;;;;3;;3
V171;1753;10;15;1753/10/15;;;Grimsvotn;Iceland-NE;Iceland;64,42;-17,33;1725;Caldera;Historical;D1;2;;;;;;;;;1;;;;;;;;;;1;;
V172;1754;5;13;1754/5/13;TSU;EQ;Taal;Luzon-Philippines;Philippines;14,002;120,993;400;Stratovolcano;Historical;D1;4;W,T;12;1;;;;;;4;;4;12;1;;;;;;4;;4
V173;1755;10;17;1755/10/17;;;Katla;Iceland-S;Iceland;63,63;-19,05;1512;Subglacial volcano;Historical;D2;4;E;2;1;;;;;;;;;2;1;;;;;;;;
V174;1757;7;9;1757/7/9;;EQ;San Jorge;Azores;Portugal;38,65;-28,08;1053;Fissure vent;Historical;D2;0;S;;;;;;;;;;;1053;4;;;;;;3;;4
V175;1760;9;22;1760/9/22;;;Makian;Halmahera-Indonesia;Indonesia;0,32;127,4;1357;Stratovolcano;Historical;D1;4;M;2000;4;;;;;;;;;2000;4;;;;;;;;
V176;1762;;;;;;Kliuchevskoi;Kamchatka;Russia;56,057;160,638;4835;Stratovolcano;Historical;D1;2;;;1;;;;;;;;;;1;;;;;;;;
V177;1766;4;5;1766/4/5;;;Hekla;Iceland-S;Iceland;63,98;-19,7;1491;Stratovolcano;Historical;D1;4;;;;;;;;;1;;;;;;;;;;1;;
V178;1766;7;20;1766/7/20;;;Mayon;Luzon-Philippines;Philippines;13,257;123,685;2462;Stratovolcano;Historical;D1;3;m;49;1;;;;;;;;;49;1;;;;;;;;
V179;1768;4;4;1768/4/4;;;Cotopaxi;Ecuador;Ecuador;-0,677;-78,436;5911;Stratovolcano;Historical;D2;4;M;;3;;;;;;3;;;;3;;;;;;3;;
V180;1772;5;9;1772/5/9;TSU;;Gamalama;Halmahera-Indonesia;Indonesia;0,8;127,325;1715;Stratovolcano;Historical;D1;3;T;35;1;;;;;;;;;35;1;;;;;;;;
V181;1772;8;12;1772/8/12;;;Papandayan;Java;Indonesia;-7,32;107,73;2665;Stratovolcano;Historical;D2;3;A;2957;4;;;;;;;;3;2957;4;;;;;;;;3
V182;1773;2;2;1773/2/2;;;Gamalama;Halmahera-Indonesia;Indonesia;0,8;127,325;1715;Stratovolcano;Historical;D1;2;I;;2;;;;;;;;;;2;;;;;;;;
V183;1775;8;20;1775/8/20;;;Gamalama;Halmahera-Indonesia;Indonesia;0,8;127,325;1715;Stratovolcano;Historical;D1;3;P,I;1300;4;;;;;;;;;1300;4;;;;;;;;
V184;1775;;;;;;Lokon-Empung;Sulawesi-Indonesia;Indonesia;1,358;124,792;1580;Stratovolcano;Historical;D1;3;;;1;;;;;;;;;;1;;;;;;;;
V185;1778;;;;;;Raikoke;Kuril Is;Russia;48,292;153,25;551;Stratovolcano;Historical;D2;4;T;15;1;;;;;;;;;15;1;;;;;;;;
V186;1779;8;8;1779/8/8;;;Vesuvius;Italy;Italy;40,821;14,426;1281;Complex volcano;Historical;D2;2;;;1;;;;;;;;;;1;;;;;;;;
V187;1779;11;8;1779/11/8;;;Sakura-jima;Kyushu-Japan;Japan;31,58;130,67;1117;Stratovolcano;Historical;D1;4;T,W,I;153;3;;;;;;;;;153;3;;;;;;;;
V188;1780;2;9;1780/2/9;;;Sakura-jima;Kyushu-Japan;Japan;31,58;130,67;1117;Stratovolcano;Historical;D1;4;F;;3;;;;;;;;;;3;;;;;;;;
V189;1780;7;27;1780/7/27;;;Aoga-shima;Izu Is-Japan;Japan;32,45;139,77;423;Stratovolcano;Historical;D4;3;;7;1;;;;;;;;1;7;1;;;;;;;;1
V190;1780;9;9;1780/9/9;TSU;;Sakura-jima;Kyushu-Japan;Japan;31,58;130,67;1117;Stratovolcano;Historical;D1;4;;;;;;;;;;;;;;;;;;;;;
V191;1780;10;31;1780/10/31;TSU;;Sakura-jima;Kyushu-Japan;Japan;31,58;130,67;1117;Stratovolcano;Historical;D1;;;;;;;;;;;;;;;;;;;;;;
V192;1781;4;11;1781/4/11;TSU;;Sakura-jima;Kyushu-Japan;Japan;31,58;130,67;1117;Stratovolcano;Historical;D1;4;W;23;1;;;;;;;;;38;1;;;;;;1;;
V193;1783;7;26;1783/7/26;;;Asama;Honshu-Japan;Japan;36,4;138,53;2560;Complex volcano;Historical;D1;4;F,P,I;1491;4;;;;;;;;;1491;4;;;;;;;;
V194;1784;4;;;;;Grimsvotn;Iceland-NE;Iceland;64,42;-17,33;1725;Caldera;Historical;D1;4;I;9350;4;;;;;;;;;9350;4;;;;;;;;
V195;1784;7;;;;;Sabancaya;Peru;Peru;-15,78;-71,85;5967;Stratovolcano;Historical;D1;;;;;;;;;;1;;;;;;;;;;1;;
V196;1785;4;18;1785/4/18;;;Aoga-shima;Izu Is-Japan;Japan;32,45;139,77;423;Stratovolcano;Historical;D4;3;;135;3;;;;;;;;;135;3;;;;;;;;
V197;1786;;;;;;Dieng Volc Complex;Java;Indonesia;-7,2;109,92;2565;Complex volcano;Historical;D1;2;A;38;1;;;;;;;;2;38;1;;;;;;;;2
V198;1789;;;;;;Oshima;Izu Is-Japan;Japan;34,73;139,38;758;Stratovolcano;Historical;D1;2;T;;1;;;;;;;;;;1;;;;;;;;
V199;1790;11;;;;;Kilauea;Hawaiian Is;United States;19,425;-155,292;1222;Shield volcano;Historical;D1;4;P;5405;4;;;;;;;;;5405;4;;;;;;;;
V200;1792;5;21;1792/5/21;TSU;EQ;Unzen;Kyushu-Japan;Japan;32,75;130,3;1500;Complex volcano;Historical;D1;2;W,A;;1;;;;;;;;;14524;4;;;707;3;;4;6200;4
V201;1794;6;15;1794/6/15;;;Vesuvius;Italy;Italy;40,821;14,426;1281;Complex volcano;Historical;D2;3;M,L,T,G;400;3;;;;;;3;;;400;3;;;;;;3;;
V202;1800;6;24;1800/6/24;;;San Jorge;Azores;Portugal;38,65;-28,08;1053;Fissure vent;Historical;D2;1;L;9;1;;;;;;;;;9;1;;;;;;;;
V203;1800;10;8;1800/10/8;;;Guntur;Java;Indonesia;-7,13;107,83;2249;Complex volcano;Historical;D3;;M;;3;;;;;;;;;;3;;;;;;;;
V204;1800;10;30;1800/10/30;;;Mayon;Luzon-Philippines;Philippines;13,257;123,685;2462;Stratovolcano;Historical;D1;2;;;1;;;;;;;;;;1;;;;;;;;
V205;1800;;;;;;Kieyo;Africa-E;Tanzania;-9,23;33,78;2175;Stratovolcano;Historical;D3;2;L;;3;;;;;;3;;;;3;;;;;;3;;
V206;1800;;;;;;Hualalai;Hawaiian Is;United States;19,692;-155,87;2523;Shield volcano;Historical;D3;0;L;2;1;;;;;;;;;2;1;;;;;;;;
V207;1801;7;;;;;Chokai;Honshu-Japan;Japan;39,08;140,03;2237;Stratovolcano;Historical;D1;2;T;8;1;;;;;;;;;8;1;;;;;;;;
V208;1803;7;4;1803/7/4;;;Asama;Honshu-Japan;Japan;36,4;138,53;2560;Complex volcano;Historical;D1;2;;;1;;;;;;;;;;1;;;;;;;;
V209;1803;11;7;1803/11/7;;;Asama;Honshu-Japan;Japan;36,4;138,53;2560;Complex volcano;Historical;D1;2;;;1;;;;;;;;;;1;;;;;;;;
V210;1804;;;;;;Shikotsu;Hokkaido-Japan;Japan;42,7;141,33;1320;Caldera;Historical;D1;3;;;3;;;;;;;;;;3;;;;;;;;
V211;1805;8;11;1805/8/11;;;Vesuvius;Italy;Italy;40,821;14,426;1281;Complex volcano;Historical;D2;2;;4;1;;;;;;;;;4;1;;;;;;;;
V212;1812;4;27;1812/4/27;;;Soufriere St. Vincent;W Indies;Saint Vincent and the Grenadines;13,33;-61,18;1220;Stratovolcano;Historical;D1;4;T, m;56;2;;;;;;;;;56;2;;;;;;;;
V213;1812;8;6;1812/8/6;;;Awu;Sangihe Is-Indonesia;Indonesia;3,67;125,5;1320;Stratovolcano;Historical;D1;3;P,M;953;3;;;;;;;;;953;3;;;;;;;;
V214;1814;2;1;1814/2/1;;;Mayon;Luzon-Philippines;Philippines;13,257;123,685;2462;Stratovolcano;Historical;D1;4;P,M,E;1200;4;;;;;;;;3;1200;4;;;;;;;;3
V215;1815;4;5;1815/4/5;TSU;;Tambora;Lesser Sunda Is;Indonesia;-8,25;118;2850;Stratovolcano;Historical;D1;7;P,W;10000;4;;;;4;;4;;4;117000;4;;;;4;;4;;4
V216;1816;7;5;1816/7/5;;;Aso;Kyushu-Japan;Japan;32,88;131,1;1592;Caldera;Historical;D1;2;T;1;1;;;;;;;;;1;1;;;;;;;;
V217;1817;1;24;1817/1/24;;;Ijen;Java;Indonesia;-8,058;114,242;2799;Stratovolcano;Historical;D1;2;M;;2;;;;;;;90;2;;2;;;;;;;90;2
V218;1817;;;;;;Raung;Java;Indonesia;-8,125;114,042;3332;Stratovolcano;Historical;D1;4;;;1;;;;;;;;;;1;;;;;;;;
V219;1818;2;5;1818/2/5;;;Colima;Mexico;Mexico;19,514;-103,62;3850;Stratovolcano;Historical;D1;4;;;1;;;;;;;;;;1;;;;;;;;
V220;1819;;;;TSU;;Asuncion;Mariana Is-C Pacific;United States;19,67;145,4;857;Stratovolcano;Historical;D2;;;;;;;;;;;;;;;;;;;;;;
V221;1820;3;1;1820/3/1;TSU;EQ;Westdahl;Aleutian Is;United States;54,52;-164,65;1654;Stratovolcano;Historical;D1;2;;;;;;;;;;;;;;;;;;;;;
V222;1820;6;11;1820/6/11;;;Banda Api;Banda Sea;Pacific Ocean;-4,525;129,871;640;Caldera;Historical;D1;2;;;1;;;;;;;;;;1;;;;;;;;
V223;1822;3;9;1822/3/9;;;Usu;Hokkaido-Japan;Japan;42,53;140,83;731;Stratovolcano;Historical;D1;4;P;50;1;;;53;2;;;;2;50;1;;;53;2;;;;2
V224;1822;10;8;1822/10/8;;;Galunggung;Java;Indonesia;-7,25;108,05;2168;Stratovolcano;Historical;D1;5;P,M;4011;4;;;;;;3;;3;4011;4;;;;;;3;;3
V225;1822;12;27;1822/12/27;;;Merapi;Java;Indonesia;-7,542;110,442;2947;Stratovolcano;Historical;D1;3;;100;2;;;;2;;3;;3;100;2;;;;2;;3;;3
V226;1823;2;;;;;Kilauea;Hawaiian Is;United States;19,425;-155,292;1222;Shield volcano;Historical;D1;0;L;;1;;;;;;;;;;1;;;;;;;;
V227;1824;;;;;;Shishaldin;Aleutian Is;United States;54,75;-163,97;2857;Stratovolcano;Historical;D1;3;;;;;;;;;;;;;;;;;;;;;
V228;1825;;;;;;Balbi;Bougainville-SW Paci;Papua New Guinea;-5,83;154,98;2715;Stratovolcano;Holocene;U;;P;;3;;;;;;;;;;3;;;;;;;;
V229;1826;10;11;1826/10/11;;;Dieng Volc Complex;Java;Indonesia;-7,2;109,92;2565;Complex volcano;Historical;D1;2;;;2;;;;;;;;;;2;;;;;;;;
V230;1826;10;11;1826/10/11;;;Kelut;Java;Indonesia;-7,93;112,308;1731;Stratovolcano;Historical;D1;3;M;;1;;;65;2;;3;;3;;1;;;65;2;;3;;3
V231;1826;10;;;;;Aso;Kyushu-Japan;Japan;32,88;131,1;1592;Caldera;Historical;D1;2;T;;3;;;;;;;;;;3;;;;;;;;
V232;1827;6;27;1827/6/27;TSU;EQ;Avachinsky;Kamchatka;Russia;53,255;158,83;2741;Stratovolcano;Historical;D1;2;;;;;;;;;;;;;;;;;;;;;
V233;1827;8;9;1827/8/9;;;Avachinsky;Kamchatka;Russia;53,255;158,83;2741;Stratovolcano;Historical;D1;2;;;;;;;;;;;;;;;;;;;;;
V234;1829;;;;;;Guntur;Java;Indonesia;-7,13;107,83;2249;Complex volcano;Historical;D3;2;;;3;;;;;;;;;;3;;;;;;;;
V235;1832;11;1;1832/11/1;;;Etna;Italy;Italy;37,734;15,004;3350;Stratovolcano;Historical;D1;2;L;;2;;;;;;;;;;2;;;;;;;;
V236;1832;12;25;1832/12/25;;;Merapi;Java;Indonesia;-7,542;110,442;2947;Stratovolcano;Historical;D1;3;;32;1;;;;;;;;2;32;1;;;;;;;;2
V237;1833;11;24;1833/11/24;;;Kaba;Sumatra;Indonesia;-3,52;102,62;1952;Stratovolcano;Historical;D2;2;M;126;3;;;;;;;;;126;3;;;;;;;;
V238;1835;1;20;1835/1/20;;;Cosiguina;Nicaragua;Nicaragua;12,98;-87,57;872;Stratovolcano;Historical;D3;5;G,I;;1;;;;;;;;;;1;;;;;;;;
V239;1835;11;1;1835/11/1;;;Banda Api;Banda Sea;Pacific Ocean;-4,525;129,871;640;Caldera;Historical;D1;;;;3;;;;;;2;;2;;3;;;;;;2;;2
V240;1837;9;;;TSU;EQ;Peuet Sague;Sumatra;Indonesia;4,914;96,329;2801;Complex volcano;Historical;D1;;;;;;;;;;;;;;;;;;;;;;
V241;1838;2;26;1838/2/26;;;Gamalama;Halmahera-Indonesia;Indonesia;0,8;127,325;1715;Stratovolcano;Historical;D1;2;T;4;1;;;;;;;;;4;1;;;;;;;;
V242;1839;2;12;1839/2/12;TSU;;Unnamed;Chile-Is;Chile;-33,62;-76,83;-642;Submarine volcano;Uncertain;Unknown;2;;;;;;;;;;;;;;;;;;;;;
V243;1840;2;2;1840/2/2;TSU;EQ;Gamalama;Halmahera-Indonesia;Indonesia;0,8;127,325;1715;Stratovolcano;Historical;D1;2;;;;;;;;;;;;;;;;;;;;;
V244;1840;5;30;1840/5/30;TSU;;Kilauea;Hawaiian Is;United States;19,425;-155,292;1222;Shield volcano;Historical;D1;0;;;;;;;;;1;;;;;;;;;;1;;
V245;1840;;;;;;Tinakula;Santa Cruz Is-SW Pac;Solomon Islands;-10,38;165,8;851;Stratovolcano;Historical;D1;3;P;;3;;;;;;;;;;3;;;;;;;;
V246;1840;;;;;;Savo;Solomon Is-SW Pacifi;Solomon Islands;-9,13;159,82;510;Stratovolcano;Historical;D3;3;P;;3;;;;;;;;;;3;;;;;;;;
V247;1841;4;;;;;Kuchinoerabu-jima;Ryukyu Is;Japan;30,43;130,22;649;Stratovolcano;Historical;D1;2;T;;;;;;;;2;;2;;;;;;;;2;;2
V248;1843;2;8;1843/2/8;TSU;;Liamuiga;W Indies;Saint Kitts and Nevis;17,37;-62,8;1156;Stratovolcano;Radiocarbon;D6;0;;;;;;;;;;;;;;;;;;;;;
V249;1843;2;17;1843/2/17;TSU;;Soufriere Guadeloupe;W Indies;Guadeloupe;16,05;-61,67;1467;Stratovolcano;Historical;D1;;;;;;;;;;;;;;;;;;;;;;
V250;1843;8;;;;;Lamongan;Java;Indonesia;-8;113,342;1651;Stratovolcano;Historical;D3;2;;4;1;;;;;;;;;4;1;;;;;;;;
V251;1843;11;17;1843/11/17;;;Etna;Italy;Italy;37,734;15,004;3350;Stratovolcano;Historical;D1;2;L;56;2;;;;2;;;;;56;2;;;;2;;;;
V252;1845;2;8;1845/2/8;TSU;EQ;Soputan;Sulawesi-Indonesia;Indonesia;1,108;124,725;1784;Stratovolcano;Historical;D1;2;;;;;;;;;;;;118;3;;;;;;2;;3
V253;1845;2;19;1845/2/19;;;Ruiz;Colombia;Colombia;4,895;-75,322;5321;Stratovolcano;Historical;D1;2;M;1000;3;;;;;;;;;1000;3;;;;;;;;
V254;1845;9;2;1845/9/2;;;Hekla;Iceland-S;Iceland;63,98;-19,7;1491;Stratovolcano;Historical;D1;4;;;;;;;;;1;;;;;;;;;;1;;
V255;1846;5;27;1846/5/27;;;Tangkubanparahu;Java;Indonesia;-6,77;107,6;2084;Stratovolcano;Historical;D1;2;;;1;;;;;;;;;;1;;;;;;;;
V256;1846;11;18;1846/11/18;;;E-san;Hokkaido-Japan;Japan;41,8;141,17;618;Stratovolcano;Historical;D3;1;M;;3;;;;;;;;;;3;;;;;;;;
V257;1847;4;9;1847/4/9;;;Fogo;Cape Verde Is;Cape Verde;14,95;-24,35;2829;Stratovolcano;Historical;D1;2;S;;1;;;;;;;;;;1;;;;;;;;
V258;1847;12;4;1847/12/4;;;Dieng Volc Complex;Java;Indonesia;-7,2;109,92;2565;Complex volcano;Historical;D1;2;;;2;;;;;;;;;;2;;;;;;;;
V259;1848;5;16;1848/5/16;;;Kelut;Java;Indonesia;-7,93;112,308;1731;Stratovolcano;Historical;D1;2;M;21;1;;;;;;;800;3;21;1;;;;;;;800;3
V260;1850;;;;;;Rabaul;New Britain-SW Pac;Papua New Guinea;-4,271;152,203;688;Pyroclastic shield;Historical;D1;2;T;;3;;;;;;;;;;3;;;;;;;;
V261;1853;6;24;1853/6/24;;;Niuafo'ou;Tonga-SW Pacific;Tonga;-15,6;-175,63;260;Shield volcano;Historical;D1;0;L;25;1;;;;;;;;;25;1;;;;;;;;
V262;1853;7;13;1853/7/13;;;Mayon;Luzon-Philippines;Philippines;13,257;123,685;2462;Stratovolcano;Historical;D1;3;P;34;1;;;;;;;;1;34;1;;;;;;;;1
V263;1853;10;29;1853/10/29;TSU;;Unnamed;Taiwan-E of;Taiwan;24;121,83;0;Submarine volcano;Historical;D3;2;;;;;;;;;;;;;;;;;;;;;
V264;1854;2;18;1854/2/18;;;Shiveluch;Kamchatka;Russia;56,653;161,36;3283;Stratovolcano;Historical;D1;5;;;;;;;;;1;;;;;;;;;;1;;
V265;1854;2;;;;;Aso;Kyushu-Japan;Japan;32,88;131,1;1592;Caldera;Historical;D1;2;;3;1;;;;;;;;;3;1;;;;;;;;
V266;1856;3;2;1856/3/2;TSU;;Awu;Sangihe Is-Indonesia;Indonesia;3,67;125,5;1320;Stratovolcano;Historical;D1;3;P;2806;4;;;;2;;3;;3;2806;4;;;;2;;3;;3
V267;1856;7;26;1856/7/26;TSU;;Shishaldin;Aleutian Is;United States;54,75;-163,97;2857;Stratovolcano;Historical;D1;;;;;;;;;;;;;;;;;;;;;;
V268;1856;9;25;1856/9/25;;;Komaga-take;Hokkaido-Japan;Japan;42,07;140,68;1140;Stratovolcano;Historical;D1;4;P;20;1;;;;;;;;3;20;1;;;;;;;;3
V269;1857;4;17;1857/4/17;TSU;EQ;Umboi;New Guinea-NE of;Papua New Guinea;-5,589;147,875;1548;Complex volcano;Holocene;U;;;;;;;;;;;;;;;;;;;;;;
V270;1858;1;;;;;Mayon;Luzon-Philippines;Philippines;13,257;123,685;2462;Stratovolcano;Historical;D1;2;P;;1;;;;;;;;;;1;;;;;;;;
V271;1860;4;;;;;Semeru;Java;Indonesia;-8,108;112,92;3676;Stratovolcano;Historical;D1;2;;;;;;;;;1;;;;;;;;;;;;1
V272;1860;8;18;1860/8/18;;;Fuego;Guatemala;Guatemala;14,473;-90,88;3763;Stratovolcano;Historical;D1;2;;;;;;;;;1;;;;;;;;;;1;;
V273;1861;5;7;1861/5/7;;;Dubbi;Africa-NE;Eritrea;13,58;41,808;1625;Stratovolcano;Historical;D3;3;;106;3;;;;;;3;;3;106;3;;;;;;3;;3
V274;1861;5;;;;;Grimsvotn;Iceland-NE;Iceland;64,42;-17,33;1725;Caldera;Historical;D1;2;;;;;;;;;1;;;;;;;;;;1;;
V275;1861;12;29;1861/12/29;;;Makian;Halmahera-Indonesia;Indonesia;0,32;127,4;1357;Stratovolcano;Historical;D1;4;P,I;326;3;;;47;1;;;;3;326;3;;;47;1;;;;3
V276;1863;8;17;1863/8/17;TSU;EQ;Yasur;Vanuatu-SW Pacific;Vanuatu;-19,52;169,425;361;Stratovolcano;Historical;D1;;;;3;;;;;;;;;;3;;;;;;;;
V277;1864;1;3;1864/1/3;;;Kelut;Java;Indonesia;-7,93;112,308;1731;Stratovolcano;Historical;D1;2;M;54;2;;;;;;;;3;54;2;;;;;;;;3
V278;1866;9;12;1866/9/12;TSU;;Ofu-Olosega;Samoa-SW Pacific;United States;-14,175;-169,618;639;Shield volcano;Historical;D3;2;;;;;;;;;;;;;;;;;;;;;
V279;1867;10;21;1867/10/21;;;Zao;Honshu-Japan;Japan;38,15;140,45;1841;Complex volcano;Historical;D2;2;M;3;1;;;;;;;;;3;1;;;;;;;;
V280;1868;4;3;1868/4/3;TSU;EQ;Mauna Loa;Hawaiian Is;United States;19,475;-155,608;4170;Shield volcano;Historical;D1;2;W,M;;;;;;;;1;37;1;77;2;;;;;;2;;3
V281;1868;9;5;1868/9/5;TSU;EQ;Etna;Italy;Italy;37,734;15,004;3350;Stratovolcano;Historical;D1;;;;;;;;;;;;;;;;;;;;;;
V282;1869;7;7;1869/7/7;;;Lewotobi;Lesser Sunda Is;Indonesia;-8,53;122,775;1703;Stratovolcano;Historical;D1;2;;2;1;;;;;;;;;2;1;;;;;;;;
V283;1869;8;;;;;Lamongan;Java;Indonesia;-8;113,342;1651;Stratovolcano;Historical;D3;2;T,A;8;1;;;;;;;;;8;1;;;;;;;;
V284;1870;8;;;;;Ruang;Sangihe Is-Indonesia;Indonesia;2,28;125,425;725;Stratovolcano;Historical;D2;2;;;1;;;;;;;40;1;;1;;;;;;;40;1
V285;1870;;;;;;Aoba;Vanuatu-SW Pacific;Vanuatu;-15,4;167,83;1496;Shield volcano;Historical;D1;2;M;;3;;;;;;3;;3;;3;;;;;;3;;3
V286;1870;;;;;;Iliwerung;Lesser Sunda Is;Indonesia;-8,54;123,59;1018;Complex volcano;Historical;D1;3;;;1;;;;;;;;;;1;;;;;;;;
V287;1871;3;3;1871/3/3;TSU;;Ruang;Sangihe Is-Indonesia;Indonesia;2,28;125,425;725;Stratovolcano;Historical;D2;2;W;;;;;;;;1;;1;400;3;;;;;;2;75;2
V288;1871;4;30;1871/4/30;TSU;EQ;Hibok-Hibok;Mindanao-Philippines;Philippines;9,203;124,673;1332;Stratovolcano;Historical;D2;2;;;1;;;;;;3;;3;;1;;;;;;3;;3
V289;1871;8;7;1871/8/7;;;Gamalama;Halmahera-Indonesia;Indonesia;0,8;127,325;1715;Stratovolcano;Historical;D1;2;T;1;1;;;1;1;;;;;1;1;;;1;1;;;;
V290;1871;12;8;1871/12/8;;;Mayon;Luzon-Philippines;Philippines;13,257;123,685;2462;Stratovolcano;Historical;D1;3;P;3;1;;;;;;;;;3;1;;;;;;;;
V291;1872;4;24;1872/4/24;;;Vesuvius;Italy;Italy;40,821;14,426;1281;Complex volcano;Historical;D2;3;L,G;9;1;;;11;1;;;;;9;1;;;11;1;;;;
V292;1872;11;3;1872/11/3;;;Merapi;Java;Indonesia;-7,542;110,442;2947;Stratovolcano;Historical;D1;4;P,T;200;3;;;;;;3;;3;200;3;;;;;;3;;3
V293;1872;12;;;;;Aso;Kyushu-Japan;Japan;32,88;131,1;1592;Caldera;Historical;D1;3;T;4;1;;;;;;;;;4;1;;;;;;;;
V294;1872;;;;;;Sinarka;Kuril Is;Russia;48,875;154,175;934;Stratovolcano;Historical;D3;4;P;;3;;;;;;;;;;3;;;;;;;;
V295;1873;1;16;1873/1/16;;;Ragang;Mindanao-Philippines;Philippines;7,67;124,5;2815;Stratovolcano;Historical;D2;2;;;1;;;;;;;;;;1;;;;;;;;
V296;1874;7;3;1874/7/3;;;Miyake-jima;Izu Is-Japan;Japan;34,08;139,53;815;Stratovolcano;Historical;D1;3;T;1;1;;;;;;;;;1;1;;;;;;;;
V297;1874;7;19;1874/7/19;;;Taal;Luzon-Philippines;Philippines;14,002;120,993;400;Stratovolcano;Historical;D1;2;;;1;;;;;;;;;;1;;;;;;;;
V298;1875;1;29;1875/1/29;;;Kelut;Java;Indonesia;-7,93;112,308;1731;Stratovolcano;Historical;D1;0;m;;1;;;;;;2;;2;;1;;;;;;2;;2
V299;1875;3;29;1875/3/29;;;Askja;Iceland-NE;Iceland;65,03;-16,75;1516;Stratovolcano;Historical;D2;5;;;;;;;;;1;;;;;;;;;;1;;
V300;1877;2;14;1877/2/14;TSU;EQ;Mauna Loa;Hawaiian Is;United States;19,475;-155,608;4170;Shield volcano;Historical;D1;0;;;;;;;;;;;;;;;;;;;;;
V301;1877;6;25;1877/6/25;;;Cotopaxi;Ecuador;Ecuador;-0,677;-78,436;5911;Stratovolcano;Historical;D2;4;M;340;3;;;;;;;;;340;3;;;;;;;;
V302;1878;1;10;1878/1/10;TSU;;Yasur;Vanuatu-SW Pacific;Vanuatu;-19,52;169,425;361;Stratovolcano;Historical;D1;3;;;;;;;;;;;;;;;;;;;1;;
V303;1878;1;;;TSU;;Rabaul;New Britain-SW Pac;Papua New Guinea;-4,271;152,203;688;Pyroclastic shield;Historical;D1;3;T;1;1;;;;;;;;;1;1;;;;;;;;
V304;1878;2;11;1878/2/11;TSU;EQ;Yasur;Vanuatu-SW Pacific;Vanuatu;-19,52;169,425;361;Stratovolcano;Historical;D1;;;;;;;;;;;;;;;;;;;;;;
V305;1878;8;29;1878/8/29;TSU;EQ;Okmok;Aleutian Is;United States;53,42;-168,13;1073;Shield volcano;Historical;D1;2;;;;;;;;;;;;;;;;;;;;;
V306;1879;2;4;1879/2/4;TSU;;Stromboli;Italy;Italy;38,789;15,213;926;Stratovolcano;Historical;D1;2;;;;;;;;;;;;;;;;;;;;;
V307;1883;3;;;;;Karthala;Indian O-W;Comoros;-11,75;43,38;2361;Shield volcano;Historical;D1;2;L;;3;;;;;;3;;;;3;;;;;;3;;
V308;1883;8;27;1883/8/27;TSU;;Krakatau;Indonesia;Indonesia;-6,102;105,423;813;Caldera;Historical;D1;6;W,P,I;2000;4;;;;3;;3;;3;36417;4;;;;3;;3;;3
V309;1883;10;6;1883/10/6;TSU;;Augustine;Alaska-SW;United States;59,37;-153,42;1252;Lava dome;Historical;D1;4;;8;1;;;;;;;;;8;1;;;;;;1;;1
V310;1883;10;10;1883/10/10;TSU;;Krakatau;Indonesia;Indonesia;-6,102;105,423;813;Caldera;Historical;D1;;;;;;;;;;;;;;;;;;;;;;
V311;1883;12;;;;;Bagana;Bougainville-SW Paci;Papua New Guinea;-6,14;155,195;1750;Lava cone;Historical;D1;3;T;;2;;;;;;;;;;2;;;;;;;;
V312;1884;2;;;TSU;;Krakatau;Indonesia;Indonesia;-6,102;105,423;813;Caldera;Historical;D1;;;;;;;;;;;;;;;;;;;;;;
V313;1884;12;10;1884/12/10;;;Semeru;Java;Indonesia;-8,108;112,92;3676;Stratovolcano;Historical;D1;2;A;74;2;;;;;;;;1;74;2;;;;;;;;1
V314;1885;5;25;1885/5/25;;EQ;Purace;Colombia;Colombia;2,32;-76,4;4650;Stratovolcano;Historical;D1;3;;;2;;;;;;2;;2;;2;;;;;;2;;2
V315;1886;1;11;1886/1/11;;;Tungurahua;Ecuador;Ecuador;-1,467;-78,442;5023;Stratovolcano;Historical;D1;4;P;2;1;;;;;;;;;2;1;;;;;;;;
V316;1886;6;10;1886/6/10;;;Okataina;New Zealand;New Zealand;-38,12;176,5;1111;Lava dome;Historical;D1;2;T;153;3;;;;;;;;;153;3;;;;;;;;
V317;1886;8;31;1886/8/31;;;Niuafo'ou;Tonga-SW Pacific;Tonga;-15,6;-175,63;260;Shield volcano;Historical;D1;4;;;1;;1;;;;;;;;1;;1;;;;;;
V318;1887;3;9;1887/3/9;;;Mayon;Luzon-Philippines;Philippines;13,257;123,685;2462;Stratovolcano;Historical;D1;3;T;15;1;;;;;;;;;15;1;;;;;;;;
V319;1888;3;13;1888/3/13;TSU;;Ritter Island;New Guinea-NE of;Papua New Guinea;-5,52;148,121;140;Stratovolcano;Historical;D1;3;W;;;;;;;;;;;;3;;;;;;3;;3
V320;1888;7;15;1888/7/15;;;Bandai;Honshu-Japan;Japan;37,6;140,08;1819;Stratovolcano;Historical;D3;4;A,P;461;3;;;70;2;;2;;2;461;3;;;70;2;;2;;2
V321;1889;9;6;1889/9/6;TSU;EQ;Banua Wuhu;Sangihe Is-Indonesia;Indonesia;3,138;125,491;-5;Submarine volcano;Historical;D2;2;;;;;;;;;;;;;;;;;;;;;
V322;1890;6;29;1890/6/29;;;Makian;Halmahera-Indonesia;Indonesia;0,32;127,4;1357;Stratovolcano;Historical;D1;2;;;;;;;;;3;;3;;;;;;;;3;;3
V323;1890;;;;;;Victory;New Guinea;Papua New Guinea;-9,2;149,07;1925;Stratovolcano;Historical;D2;2;P;;3;;;;;;;;;;3;;;;;;;;
V324;1892;5;21;1892/5/21;;;Sorikmarapi;Sumatra;Indonesia;0,686;99,539;2145;Stratovolcano;Historical;D1;2;M;180;3;;;;;;;;;180;3;;;;;;;;
V325;1892;6;7;1892/6/7;TSU;;Awu;Sangihe Is-Indonesia;Indonesia;3,67;125,5;1320;Stratovolcano;Historical;D1;3;P,M;1532;4;;;;;;3;;3;1532;4;;;;;;3;;3
V326;1893;1;7;1893/1/7;;;Calbuco;Chile-S;Chile;-41,326;-72,614;2003;Stratovolcano;Historical;D2;4;;;;;;;;;1;;;;;;;;;;1;;
V327;1893;5;19;1893/5/19;;;Azuma;Honshu-Japan;Japan;37,73;140,25;2024;Stratovolcano;Historical;D1;2;T;2;1;;;;;;;;;2;1;;;;;;;;
V328;1894;10;;;;;Ambrym;Vanuatu-SW Pacific;Vanuatu;-16,25;168,12;1334;Pyroclastic shield;Historical;D1;3;T,L;10;1;;;;;;;;;10;1;;;;;;;;
V329;1895;5;22;1895/5/22;;;Semeru;Java;Indonesia;-8,108;112,92;3676;Stratovolcano;Historical;D1;2;;;1;;;;;;1;;;;1;;;;;;1;;
V330;1895;6;17;1895/6/17;;;Karkar;New Guinea-NE of;Papua New Guinea;-4,649;145,964;1839;Stratovolcano;Historical;D1;2;I,M;21;1;;;;;;;;;21;1;;;;;;;;
V331;1895;10;16;1895/10/16;;;Kirishima;Kyushu-Japan;Japan;31,93;130,87;1700;Shield volcano;Historical;D1;2;T;4;1;;;;;;;;;4;1;;;;;;;;
V332;1895;;;;;;Dakataua;New Britain-SW Pac;Papua New Guinea;-5,056;150,108;400;Caldera;Anthropology;D3;2;?;;1;;;;;;1;;;;1;;;;;;1;;
V333;1896;3;15;1896/3/15;;;Kirishima;Kyushu-Japan;Japan;31,93;130,87;1700;Shield volcano;Historical;D1;2;T;1;1;;;1;1;;;;;1;1;;;1;1;;;;
V334;1897;5;23;1897/5/23;;;Mayon;Luzon-Philippines;Philippines;13,257;123,685;2462;Stratovolcano;Historical;D1;3;P,T,M;350;3;;;;;;;;;350;3;;;;;;;;
V335;1899;11;13;1899/11/13;;;Dona Juana;Colombia;Colombia;1,47;-76,92;4150;Stratovolcano;Historical;D2;4;P;55;2;;;;;;;;;55;2;;;;;;;;
V336;1899;;;;;;Manam;New Guinea-NE of;Papua New Guinea;-4,1;145,061;1807;Stratovolcano;Historical;D1;2;;2;1;;;;;;;;;2;1;;;;;;;;
V337;1900;1;22;1900/1/22;;;Asama;Honshu-Japan;Japan;36,4;138,53;2560;Complex volcano;Historical;D1;2;;25;1;;;;;;;;;25;1;;;;;;;;
V338;1900;2;16;1900/2/16;;;Kirishima;Kyushu-Japan;Japan;31,93;130,87;1700;Shield volcano;Historical;D1;2;;2;1;;;3;1;;;;;2;1;;;3;1;;;;
V339;1900;7;17;1900/7/17;;;Adatara;Honshu-Japan;Japan;37,62;140,28;1718;Stratovolcano;Historical;D1;2;T;72;2;;;10;1;;;;;72;2;;;10;1;;;;
V340;1900;;;;;;Tullu Moje;Africa-NE;Ethiopia;8,158;39,13;2349;Pumice cone;Anthropology;D2;;;;;;;;;;1;;;;;;;;;;;;
V341;1901;5;22;1901/5/22;;;Kelut;Java;Indonesia;-7,93;112,308;1731;Stratovolcano;Historical;D1;3;;;2;;;;;;;;;;2;;;;;;;;
V342;1901;8;9;1901/8/9;TSU;EQ;Epi;Vanuatu-SW Pacific;Vanuatu;-16,68;168,37;833;Stratovolcano;Historical;D1;;;;;;;;;;;;;;1;;;;;;2;;
V343;1902;5;5;1902/5/5;TSU;;Pelee;W Indies;Martinique;14,82;-61,17;1397;Stratovolcano;Historical;D2;;;23;1;;;;;;;;;23;1;;;;;;;;
V344;1902;5;7;1902/5/7;TSU;;Soufriere St. Vincent;W Indies;Saint Vincent and the Grenadines;13,33;-61,18;1220;Stratovolcano;Historical;D1;4;P;1680;4;;;;3;;;;;1680;4;;;;3;;;;
V345;1902;5;8;1902/5/8;TSU;;Pelee;W Indies;Martinique;14,82;-61,17;1397;Stratovolcano;Historical;D2;4;P;28000;4;;;;;;;;;28000;4;;;;;;;;
V346;1902;5;20;1902/5/20;TSU;;Pelee;W Indies;Martinique;14,82;-61,17;1397;Stratovolcano;Historical;D2;;;;;;;;;;;;;;;;;;;;;;
V347;1902;8;7;1902/8/7;;;Tori-shima;Izu Is-Japan;Japan;30,48;140,32;403;Stratovolcano;Historical;D1;3;;125;3;;;;;;;;;125;3;;;;;;;;
V348;1902;8;30;1902/8/30;TSU;;Pelee;W Indies;Martinique;14,82;-61,17;1397;Stratovolcano;Historical;D2;4;P;1000;3;;;;;;;;;1000;3;;;;;;;;
V349;1902;10;24;1902/10/24;;;Santa Maria;Guatemala;Guatemala;14,756;-91,552;3772;Stratovolcano;Historical;D1;6;T,G;1500;4;;;;;;2;;2;1500;4;;;;;;2;;2
V350;1902;12;;;;;Merapi;Java;Indonesia;-7,542;110,442;2947;Stratovolcano;Historical;D1;2;P;16;1;;;45;1;;;;2;16;1;;;45;1;;;;2
V351;1903;8;30;1903/8/30;;;Okataina;New Zealand;New Zealand;-38,12;176,5;1111;Lava dome;Historical;D1;1;T;4;1;;;;;;;;;4;1;;;;;;;;
V352;1904;2;25;1904/2/25;;;Karthala;Indian O-W;Comoros;-11,75;43,38;2361;Shield volcano;Historical;D1;2;L;1;1;;;;;;1;;;1;1;;;;;;1;;
V353;1905;3;10;1905/3/10;;;Vesuvius;Italy;Italy;40,821;14,426;1281;Complex volcano;Historical;D2;2;T;1;1;;;1;1;;;;;1;1;;;1;1;;;;
V354;1905;8;4;1905/8/4;TSU;;Savai'i;Samoa-SW Pacific;Samoa;-13,612;-172,525;1858;Shield volcano;Historical;D2;2;;;;;;;;;3;;3;;;;;;;;3;;3
V355;1906;4;4;1906/4/4;TSU;;Vesuvius;Italy;Italy;40,821;14,426;1281;Complex volcano;Historical;D2;3;T,L;350;3;;;300;3;;;;;350;3;;;300;3;;;;
V356;1907;7;;;TSU;;Unnamed;Tonga-SW Pacific;Tonga;-21,38;-175,65;-500;Submarine volcano;Historical;D2;0;;;;;;;;;;;;;;;;;;;;;
V357;1907;8;4;1907/8/4;;;Alayta;Africa-NE;Ethiopia;12,88;40,57;1501;Shield volcano;Historical;D2;2;;;1;;;;;;;;;;1;;;;;;;;
V358;1907;9;28;1907/9/28;;;Lewotobi;Lesser Sunda Is;Indonesia;-8,53;122,775;1703;Stratovolcano;Historical;D1;2;;1;1;;;;1;;;;;1;1;;;;1;;;;
V359;1907;10;6;1907/10/6;TSU;;Savai'i;Samoa-SW Pacific;Samoa;-13,612;-172,525;1858;Shield volcano;Historical;D2;;;;;;;;;;3;;3;;;;;;;;3;;3
V360;1909;4;28;1909/4/28;;EQ;Cameroon, Mt.;Africa-W;Cameroon;4,203;9,17;4095;Stratovolcano;Historical;D1;2;;;;;;;;;;;;;;;;;;;;;
V361;1909;9;;;;;Semeru;Java;Indonesia;-8,108;112,92;3676;Stratovolcano;Historical;D1;2;m;221;3;;;;;;;;;221;3;;;;;;;;
V362;1910;7;25;1910/7/25;;;Usu;Hokkaido-Japan;Japan;42,53;140,83;731;Stratovolcano;Historical;D1;2;M;1;1;;;;;;;;;1;1;;;;;;;;
V363;1911;1;30;1911/1/30;TSU;EQ;Taal;Luzon-Philippines;Philippines;14,002;120,993;400;Stratovolcano;Historical;D1;4;P,W;1335;4;;;199;3;;3;543;3;1335;4;;;199;3;;3;543;3
V364;1911;5;8;1911/5/8;;;Asama;Honshu-Japan;Japan;36,4;138,53;2560;Complex volcano;Historical;D1;2;;1;1;;;;;;;60;2;1;1;;;;;;;60;2
V365;1911;8;15;1911/8/15;;;Asama;Honshu-Japan;Japan;36,4;138,53;2560;Complex volcano;Historical;D1;2;;;3;;;;;;;;;;3;;;;;;;;
V366;1911;11;3;1911/11/3;TSU;;Piparo;Trinidad;Trinidad and Tobago;10;-61;140;Mud volcano;Historical;D1;;;;;;;;;;;;;;;;;;;;;;
V367;1911;11;8;1911/11/8;;;Semeru;Java;Indonesia;-8,108;112,92;3676;Stratovolcano;Historical;D1;3;;;;;;;;;1;;;;;;;;;;1;;
V368;1912;9;6;1912/9/6;;;Novarupta;Alaska Peninsula;United States;58,27;-155,16;841;Caldera;Historical;D2;6;T;2;1;;;;;;;;;2;1;;;;;;;;
V369;1912;12;3;1912/12/3;;;Nyamuragira;Africa-C;Congo;-1,408;29,2;3058;Shield volcano;Historical;D1;3;L;20;1;;;;;;;;;20;1;;;;;;;;
V370;1913;3;14;1913/3/14;TSU;EQ;Awu;Sangihe Is-Indonesia;Indonesia;3,67;125,5;1320;Stratovolcano;Historical;D1;2;;;;;;;;;;;;138;3;;;;2;;2;;3
V371;1913;6;23;1913/6/23;;;Semeru;Java;Indonesia;-8,108;112,92;3676;Stratovolcano;Historical;D1;2;;;;;;;;;1;;;;;;;;;;1;;
V372;1913;12;6;1913/12/6;;;Ambrym;Vanuatu-SW Pacific;Vanuatu;-16,25;168,12;1334;Pyroclastic shield;Historical;D1;3;T;21;1;;;;;;3;;;21;1;;;;;;3;;
V373;1914;1;12;1914/1/12;TSU;EQ;Sakura-jima;Kyushu-Japan;Japan;31,58;130,67;1117;Stratovolcano;Historical;D1;4;I,S,A,T;28;1;;;;3;0,04;1;2148;3;63;2;;;112;3;19;3;2268;3
V374;1914;1;18;1914/1/18;;;Pago;New Britain-SW Pac;Papua New Guinea;-5,58;150,52;742;Caldera;Historical;D2;3;I;;1;;;;;;;;;;1;;;;;;;;
V375;1914;9;10;1914/9/10;;;White Island;New Zealand;New Zealand;-37,52;177,18;321;Stratovolcano;Historical;D1;;A;11;1;;;;;;;;;11;1;;;;;;;;
V376;1916;3;3;1916/3/3;;;Tungurahua;Ecuador;Ecuador;-1,467;-78,442;5023;Stratovolcano;Historical;D1;4;;;;;;;;;;;;;;;;;;;;;
V377;1916;7;3;1916/7/3;TSU;;Stromboli;Italy;Italy;38,789;15,213;926;Stratovolcano;Historical;D1;3;;;;;;;;;;;;;;;;;;;1;;
V378;1917;1;1;1917/1/1;;;Lengai, Ol Doinyo;Africa-E;Tanzania;-2,751;35,902;2890;Stratovolcano;Historical;D1;3;;;;;;;;;1;;;;;;;;;;1;;
V379;1917;4;1;1917/4/1;;;Okataina;New Zealand;New Zealand;-38,12;176,5;1111;Lava dome;Historical;D1;1;T;2;1;;;3;1;;;;;2;1;;;3;1;;;;
V380;1917;4;;;;;Calbuco;Chile-S;Chile;-41,326;-72,614;2003;Stratovolcano;Historical;D2;3;;;;;;;;;;;;;;;;;;;;;
V381;1917;6;7;1917/6/7;;EQ;San Salvador;El Salvador;El Salvador;13,736;-89,286;1893;Stratovolcano;Historical;D2;3;S,L;325;3;;;;;;;;;325;3;;;;;;;;
V382;1918;7;18;1918/7/18;TSU;;Banua Wuhu;Sangihe Is-Indonesia;Indonesia;3,138;125,491;-5;Submarine volcano;Historical;D2;3;;;;;;;;;;;;;;;;;;;;;
V383;1918;10;12;1918/10/12;;;Katla;Iceland-S;Iceland;63,63;-19,05;1512;Subglacial volcano;Historical;D2;4;;;;;;;;;1;;;;;;;;;;1;;
V384;1919;2;19;1919/2/19;;;Popocatepetl;Mexico;Mexico;19,023;-98,622;5426;Stratovolcano;Historical;D1;1;A;;2;;;;;;;;;;;;;;;;;;
V385;1919;4;3;1919/4/3;TSU;;Banua Wuhu;Sangihe Is-Indonesia;Indonesia;3,138;125,491;-5;Submarine volcano;Historical;D2;;;;;;;;;;1;;;;;;;;;;1;;
V386;1919;5;19;1919/5/19;;;Kelut;Java;Indonesia;-7,93;112,308;1731;Stratovolcano;Historical;D1;4;M;5110;4;;;;;;;9000;3;5110;4;;;;;;;9000;3
V387;1919;5;22;1919/5/22;TSU;;Stromboli;Italy;Italy;38,789;15,213;926;Stratovolcano;Historical;D1;3;T;4;1;;;;3;;;10;1;4;1;;;;3;;;10;1
V388;1919;9;29;1919/9/29;TSU;;Mauna Loa;Hawaiian Is;United States;19,475;-155,608;4170;Shield volcano;Historical;D1;0;;;;;;;;;;;;;;;;;;;;;
V389;1920;7;25;1920/7/25;;;Merapi;Java;Indonesia;-7,542;110,442;2947;Stratovolcano;Historical;D1;3;P;33;1;;;;;;;;;33;1;;;;;;;;
V390;1920;10;29;1920/10/29;;;Izalco;El Salvador;El Salvador;13,813;-89,633;1950;Stratovolcano;Historical;D1;3;P;;1;;;;;;;;;;1;;;;;;;;
V391;1923;3;11;1923/3/11;;;Papandayan;Java;Indonesia;-7,32;107,73;2665;Stratovolcano;Historical;D2;1;G;1;1;;;;;;;;;1;1;;;;;;;;
V392;1923;7;1;1923/7/1;;;Kirishima;Kyushu-Japan;Japan;31,93;130,87;1700;Shield volcano;Historical;D1;2;;1;1;;;;;;;;;1;1;;;;;;;;
V393;1924;5;10;1924/5/10;;;Kilauea;Hawaiian Is;United States;19,425;-155,292;1222;Shield volcano;Historical;D1;2;T;1;1;;;;;;;;;1;1;;;;;;;;
V394;1926;5;24;1926/5/24;;;Tokachi;Hokkaido-Japan;Japan;43,42;142,68;2077;Stratovolcano;Historical;D1;3;M,T;146;3;;;207;3;;;5080;3;146;3;;;207;3;;;5080;3
V395;1927;8;7;1927/8/7;TSU;;Paluweh;Lesser Sunda Is;Indonesia;-8,32;121,708;875;Stratovolcano;Historical;D1;;;;;;;;;;;;;;;;;;;;;;
V396;1927;9;5;1927/9/5;;;Esjufjoll;Iceland-SE;Iceland;64,27;-16,65;1760;Stratovolcano;Historical;D2;1;M;1;1;;;;;;;;;1;1;;;;;;;;
V397;1928;1;23;1928/1/23;;;Santorini;Greece;Greece;36,404;25,396;329;Shield volcano;Historical;D2;2;S;48;1;;;;;;;;;48;1;;;;;;;;
V398;1928;1;;;;;Mayon;Luzon-Philippines;Philippines;13,257;123,685;2462;Stratovolcano;Historical;D1;3;P;;1;;;;;;;;;;1;;;;;;;;
V399;1928;3;28;1928/3/28;TSU;;Krakatau;Indonesia;Indonesia;-6,102;105,423;813;Caldera;Historical;D1;;;;;;;;;;;;;;;;;;;;;;
V400;1928;5;13;1928/5/13;;;Dieng Volc Complex;Java;Indonesia;-7,2;109,92;2565;Complex volcano;Historical;D1;2;T;40;1;;;;;;;;;40;1;;;;;;;;
V401;1928;8;4;1928/8/4;TSU;;Paluweh;Lesser Sunda Is;Indonesia;-8,32;121,708;875;Stratovolcano;Historical;D1;3;W,T;98;2;;;;;;;;;226;3;;;200;3;;;;2
V402;1928;11;2;1928/11/2;;;Etna;Italy;Italy;37,734;15,004;3350;Stratovolcano;Historical;D1;1;L;5;1;;;;;;;;;5;1;;;;;;;;
V403;1929;1;6;1929/1/6;;;Calbuco;Chile-S;Chile;-41,326;-72,614;2003;Stratovolcano;Historical;D2;3;;;;;;;;;;;;;;;;;;;;;
V404;1929;6;17;1929/6/17;;;Komaga-take;Hokkaido-Japan;Japan;42,07;140,68;1140;Stratovolcano;Historical;D1;4;T;2;1;;;4;1;;;;;2;1;;;4;1;;;;
V405;1929;11;;;;;Santa Maria;Guatemala;Guatemala;14,756;-91,552;3772;Stratovolcano;Historical;D1;3;P,M;200;3;;;;;;;;;200;3;;;;;;;;
V406;1930;3;17;1930/3/17;TSU;;Krakatau;Indonesia;Indonesia;-6,102;105,423;813;Caldera;Historical;D1;2;;;;;;;;;;;;;;;;;;;;;
V407;1930;8;20;1930/8/20;;;Asama;Honshu-Japan;Japan;36,4;138,53;2560;Complex volcano;Historical;D1;3;T;6;1;;;;;;;;;6;1;;;;;;;;
V408;1930;9;11;1930/9/11;TSU;;Stromboli;Italy;Italy;38,789;15,213;926;Stratovolcano;Historical;D1;3;P;5;1;;;20;1;;2;;;6;1;;;20;1;;2;;
V409;1930;11;25;1930/11/25;;;Merapi;Java;Indonesia;-7,542;110,442;2947;Stratovolcano;Historical;D1;3;P;1369;4;;;;;;3;1109;3;1369;4;;;;;;3;1109;3
V410;1931;8;20;1931/8/20;;;Asama;Honshu-Japan;Japan;36,4;138,53;2560;Complex volcano;Historical;D1;3;;3;1;;;;;;;;;3;1;;;;;;;;
V411;1932;1;21;1932/1/21;;;Fuego;Guatemala;Guatemala;14,473;-90,88;3763;Stratovolcano;Historical;D1;4;;;1;;;;;;;;;;1;;;;;;;;
V412;1932;10;1;1932/10/1;;;Kusatsu-Shirane;Honshu-Japan;Japan;36,62;138,55;2176;Stratovolcano;Historical;D1;3;M;2;1;;;7;1;;;;;2;1;;;7;1;;;;
V413;1933;1;8;1933/1/8;TSU;EQ;Kharimkotan;Kuril Is;Russia;49,12;154,508;1145;Stratovolcano;Historical;D2;3;W;;;;;;;;;;;2;1;;;;;;;;
V414;1933;12;24;1933/12/24;;;Kuchinoerabu-jima;Ryukyu Is;Japan;30,43;130,22;649;Stratovolcano;Historical;D1;4;T;8;1;;;26;1;;;;;8;1;;;26;1;;;;
V415;1933;12;25;1933/12/25;TSU;;Bulusan;Luzon-Philippines;Philippines;12,77;124,05;1565;Stratovolcano;Historical;D1;2;;;;;;;;;;;;9;1;;;;;;3;;
V416;1936;2;;;;;Asama;Honshu-Japan;Japan;36,4;138,53;2560;Complex volcano;Historical;D1;3;P,T;2;1;;;;;;;;;2;1;;;;;;;;
V417;1937;2;9;1937/2/9;;;Llaima;Chile-C;Chile;-38,692;-71,729;3125;Stratovolcano;Historical;D1;2;F;3;1;;;;;;;;;3;1;;;;;;;;
V418;1937;5;29;1937/5/29;TSU;EQ;Rabaul;New Britain-SW Pac;Papua New Guinea;-4,271;152,203;688;Pyroclastic shield;Historical;D1;4;P,T,W,I;507;3;;;;;;1;;1;507;3;;;;;;1;;1
V419;1938;1;28;1938/1/28;TSU;;Nyamuragira;Africa-C;Congo;-1,408;29,2;3058;Shield volcano;Historical;D1;1;;;;;;;;;1;;;;;;;;;;1;;
V420;1938;6;5;1938/6/5;;;Mayon;Luzon-Philippines;Philippines;13,257;123,685;2462;Stratovolcano;Historical;D1;2;;;1;;;;;;;;;;1;;;;;;;;
V421;1939;8;17;1939/8/17;;;Tori-shima;Izu Is-Japan;Japan;30,48;140,32;403;Stratovolcano;Historical;D1;2;;2;1;;;;;;;;;2;1;;;;;;;;
V422;1939;10;13;1939/10/13;;;Dieng Volc Complex;Java;Indonesia;-7,2;109,92;2565;Complex volcano;Historical;D1;1;T;10;1;;;;;;1;;;10;1;;;;;;1;;
V423;1940;6;20;1940/6/20;;;Karangetang [Api Siau];Sangihe Is-Indonesia;Indonesia;2,78;125,48;1784;Stratovolcano;Historical;D1;2;;1;1;;;2;1;;;;;1;1;;;2;1;;;;
V424;1940;7;12;1940/7/12;;;Miyake-jima;Izu Is-Japan;Japan;34,08;139,53;815;Stratovolcano;Historical;D1;2;L;11;1;;;20;1;;;;;11;1;;;20;1;;;;
V425;1940;7;24;1940/7/24;;;Lengai, Ol Doinyo;Africa-E;Tanzania;-2,751;35,902;2890;Stratovolcano;Historical;D1;2;;;;;;;;;1;;;;;;;;;;1;;
V426;1941;7;13;1941/7/13;;;Asama;Honshu-Japan;Japan;36,4;138,53;2560;Complex volcano;Historical;D1;2;T;1;1;;;1;1;;;;;1;1;;;1;1;;;;
V427;1941;9;21;1941/9/21;;;Semeru;Java;Indonesia;-8,108;112,92;3676;Stratovolcano;Historical;D1;2;;;;;;;;;1;;;;;;;;;;1;;
V428;1943;2;20;1943/2/20;;;Michoacan-Guanajuato;Mexico;Mexico;19,48;-102,25;3860;Cinder cone;Historical;D2;4;E;3;1;;;;;;;;;3;1;;;;;;;;
V429;1943;4;13;1943/4/13;;;Azul, Cerro;Galapagos;Ecuador;-0,9;-91,42;1690;Shield volcano;Historical;D1;3;T;1;1;;;;;;;;;1;1;;;;;;;;
V430;1944;3;27;1944/3/27;;;Vesuvius;Italy;Italy;40,821;14,426;1281;Complex volcano;Historical;D2;2;T,L,I;27;1;;;;;;;;;27;1;;;;;;;;
V431;1944;6;10;1944/6/10;;;Cleveland;Aleutian Is;United States;52,82;-169,95;1730;Stratovolcano;Historical;D1;3;T;1;1;;;;;;;;;1;1;;;;;;;;
V432;1944;6;23;1944/6/23;;;Usu;Hokkaido-Japan;Japan;42,53;140,83;731;Stratovolcano;Historical;D1;2;T;1;1;;;;;;;;;1;1;;;;;;;;
V433;1944;8;20;1944/8/20;TSU;;Stromboli;Italy;Italy;38,789;15,213;926;Stratovolcano;Historical;D1;2;;;;;;;;;;;;;;;;;;;;;
V434;1944;12;4;1944/12/4;;;Dieng Volc Complex;Java;Indonesia;-7,2;109,92;2565;Complex volcano;Historical;D1;2;T;117;3;;;250;3;;;;;117;3;;;250;3;;;;
V435;1946;1;;;;;Sakura-jima;Kyushu-Japan;Japan;31,58;130,67;1117;Stratovolcano;Historical;D1;2;;1;1;;;;;;;;;1;1;;;;;;;;
V436;1946;2;;;;;Semeru;Java;Indonesia;-8,108;112,92;3676;Stratovolcano;Historical;D1;2;F;6;1;;;;;;2;81;2;6;1;;;;;;2;81;2
V437;1946;10;29;1946/10/29;;;Semeru;Java;Indonesia;-8,108;112,92;3676;Stratovolcano;Historical;D1;2;;;;;;;;;1;;;;;;;;;;1;;
V438;1947;1;7;1947/1/7;;;Mayon;Luzon-Philippines;Philippines;13,257;123,685;2462;Stratovolcano;Historical;D1;2;;;1;;;;;;;;;;1;;;;;;;;
V439;1947;7;6;1947/7/6;;;Asama;Honshu-Japan;Japan;36,4;138,53;2560;Complex volcano;Historical;D1;2;;11;1;;;;;;;;;11;1;;;;;;;;
V440;1947;11;2;1947/11/2;;;Hekla;Iceland-S;Iceland;63,98;-19,7;1491;Stratovolcano;Historical;D1;4;L;1;1;;;;;;;;;1;1;;;;;;;;
V441;1948;4;7;1948/4/7;;;Iliwerung;Lesser Sunda Is;Indonesia;-8,54;123,59;1018;Complex volcano;Historical;D1;2;;;;;;;;;2;;;;;;;;;;2;;
V442;1948;9;1;1948/9/1;;;Hibok-Hibok;Mindanao-Philippines;Philippines;9,203;124,673;1332;Stratovolcano;Historical;D2;3;P;68;2;;;;;;;;;68;2;;;;;;;;
V443;1949;1;1;1949/1/1;;;Villarrica;Chile-C;Chile;-39,42;-71,93;2847;Stratovolcano;Historical;D1;3;M;54;2;;;;;;2;;;54;2;;;;;;2;;
V444;1949;5;26;1949/5/26;;;Purace;Colombia;Colombia;2,32;-76,4;4650;Stratovolcano;Historical;D1;2;T;17;1;;;;;;;;;17;1;;;;;;;;
V445;1950;8;28;1950/8/28;;;Semeru;Java;Indonesia;-8,108;112,92;3676;Stratovolcano;Historical;D1;1;P;6;1;;;;;;;;;6;1;;;;;;;;
V446;1950;9;23;1950/9/23;;;Asama;Honshu-Japan;Japan;36,4;138,53;2560;Complex volcano;Historical;D1;2;T;1;1;;;1;1;;;;1;1;1;;;1;1;;;;1
V447;1951;1;15;1951/1/15;;;Lamington;New Guinea;Papua New Guinea;-8,95;148,15;1680;Stratovolcano;Historical;D2;4;P;2942;4;;;;2;;;;;2942;4;;;;2;;;;
V448;1951;8;3;1951/8/3;TSU;EQ;Cosiguina;Nicaragua;Nicaragua;12,98;-87,57;872;Stratovolcano;Historical;D3;;;;;;;;;;;;;1000;3;;;;;;3;;
V449;1951;8;31;1951/8/31;;;Kelut;Java;Indonesia;-7,93;112,308;1731;Stratovolcano;Historical;D1;3;;7;1;;;;;;;;;7;1;;;;;;;;
V450;1951;;;;TSU;;Kavachi;Solomon Is-SW Pacifi;Solomon Islands;-9,02;157,95;-20;Submarine volcano;Historical;D1;2;;;;;;;;;;;;;;;;;;;;;
V451;1952;9;16;1952/9/16;TSU;;Myojun Knoll;Izu Is-Japan;Japan;32,1;139,85;360;Submarine volcano;Holocene;Unknown;2;;;;;;;;;;;;;;;;;;;;;
V452;1952;9;23;1952/9/23;TSU;;Myojun Knoll;Izu Is-Japan;Japan;32,1;139,85;360;Submarine volcano;Holocene;Unknown;2;;;;;;;;;;;;;;;;;;;;;
V453;1952;9;24;1952/9/24;TSU;;Myojun Knoll;Izu Is-Japan;Japan;32,1;139,85;360;Submarine volcano;Holocene;Unknown;2;P;31;1;;;;;;1;;;31;1;;;;;;1;;
V454;1952;9;26;1952/9/26;TSU;;Myojun Knoll;Izu Is-Japan;Japan;32,1;139,85;360;Submarine volcano;Holocene;Unknown;2;;;;;;;;;;;;;;;;;;;;;
V455;1952;;;;;;Ambalatungan Group;Luzon-Philippines;Philippines;17,32;121,1;2329;Compound volcano;Fumarolic;U;1;;12;1;;;;;;;;;12;1;;;;;;;;
V456;1953;3;11;1953/3/11;TSU;;Myojun Knoll;Izu Is-Japan;Japan;32,1;139,85;360;Submarine volcano;Holocene;Unknown;2;;;;;;;;;;;;;;;;;;;;;
V457;1953;3;23;1953/3/23;;;Merapi;Java;Indonesia;-7,542;110,442;2947;Stratovolcano;Historical;D1;3;P;64;2;;;57;2;;2;144;3;64;2;;;57;2;;2;144;3
V458;1953;3;25;1953/3/25;TSU;;Myojun Knoll;Izu Is-Japan;Japan;32,1;139,85;360;Submarine volcano;Holocene;Unknown;2;;;;;;;;;;;;;;;;;;;;;
V459;1953;4;27;1953/4/27;;;Aso;Kyushu-Japan;Japan;32,88;131,1;1592;Caldera;Historical;D1;2;T;6;1;;;;;;;;;6;1;;;;;;;;
V460;1953;6;27;1953/6/27;TSU;;St. Andrew Strait;Admiralty Is-SW Paci;Papua New Guinea;-2,38;147,35;270;Complex volcano;Historical;D2;0;;;;;;;;;;;;;;;;;;;1;;
V461;1953;6;;;;;Sirung;Lesser Sunda Is;Indonesia;-8,51;124,148;862;Complex volcano;Historical;D1;0;;5;1;;;1;1;;;;;5;1;;;1;1;;;;
V462;1953;10;5;1953/10/5;;;Oshima;Izu Is-Japan;Japan;34,73;139,38;758;Stratovolcano;Historical;D1;1;;1;1;;;;;;;;;1;1;;;;;;;;
V463;1954;2;;;TSU;;Stromboli;Italy;Italy;38,789;15,213;926;Stratovolcano;Historical;D1;;;;;;;;;;;;;;;;;;;;;;
V464;1954;8;3;1954/8/3;;;Bam;New Guinea-NE of;Papua New Guinea;-3,6;144,85;685;Stratovolcano;Historical;D2;2;I;25;1;;;;2;;;;;25;1;;;;2;;;;
V465;1954;;;;;;Hibok-Hibok;Mindanao-Philippines;Philippines;9,203;124,673;1332;Stratovolcano;Historical;D2;;m;2;1;;;;;;;;;2;1;;;;;;;;
V466;1955;7;26;1955/7/26;;;Carran-Los Venados;Chile-C;Chile;-40,35;-72,07;1114;Pyroclastic cone;Historical;D1;4;G;2;1;;;;;;;;;2;1;;;;;;;;
V467;1955;10;13;1955/10/13;;;Sakura-jima;Kyushu-Japan;Japan;31,58;130,67;1117;Stratovolcano;Historical;D1;3;;;1;;;;;;;;;;1;;;;;;;;
V468;1956;3;30;1956/3/30;TSU;;Bezymianny;Kamchatka;Russia;55,978;160,587;2882;Stratovolcano;Historical;D1;5;;;;;;;;;;;;;;;;;;;;;
V469;1957;3;11;1957/3/11;;EQ;Vsevidof;Aleutian Is;United States;53,13;-168,68;2149;Stratovolcano;Historical;D3;2;;;;;;;;;;;;;;;;;;;;;
V470;1957;6;25;1957/6/25;;;Merapi;Java;Indonesia;-7,542;110,442;2947;Stratovolcano;Historical;D1;2;P;6;1;;;;;;2;;3;6;1;;;;;;2;;3
V471;1957;8;;;;;Oshima;Izu Is-Japan;Japan;34,73;139,38;758;Stratovolcano;Historical;D1;2;T;1;1;;;53;2;;;;;1;1;;;53;2;;;;
V472;1957;10;;;;;Aso;Kyushu-Japan;Japan;32,88;131,1;1592;Caldera;Historical;D1;2;T;12;1;;;;;;;;;12;1;;;;;;;;
V473;1958;7;12;1958/7/12;;;Mahawu;Sulawesi-Indonesia;Indonesia;1,358;124,858;1324;Stratovolcano;Historical;D1;2;M;1;1;;;10;1;;;;;1;1;;;10;1;;;;
V474;1958;10;7;1958/10/7;TSU;;Kuwae;Vanuatu-SW Pacific;Vanuatu;-16,829;168,536;-2;Caldera;Historical;D1;2;;;;;;;;;;;;;;;;;;;;;
V475;1960;5;25;1960/5/25;TSU;EQ;Puyehue;Chile-C;Chile;-40,59;-72,117;2236;Stratovolcano;Holocene;U;3;;;;;;;;;;;;;;;;;;;;;
V476;1961;1;25;1961/1/25;;;Calbuco;Chile-S;Chile;-41,326;-72,614;2003;Stratovolcano;Historical;D2;3;;;;;;;;;1;;;;;;;;;;;;
V477;1961;8;18;1961/8/18;;;Asama;Honshu-Japan;Japan;36,4;138,53;2560;Complex volcano;Historical;D1;2;T;1;1;;;;;;;;;1;1;;;;;;;;
V478;1962;6;29;1962/6/29;;;Tokachi;Hokkaido-Japan;Japan;43,42;142,68;2077;Stratovolcano;Historical;D1;3;T;5;1;;;11;1;;;;;5;1;;;11;1;;;;
V479;1962;12;31;1962/12/31;;;Gamalama;Halmahera-Indonesia;Indonesia;0,8;127,325;1715;Stratovolcano;Historical;D1;2;;5;1;;;5;1;;;;;5;1;;;5;1;;;;
V480;1963;3;13;1963/3/13;;;Irazu;Costa Rica;Costa Rica;9,979;-83,852;3432;Stratovolcano;Historical;D1;3;M,T;40;1;;;;1;;;400;3;40;1;;;;1;;;400;3
V481;1963;3;17;1963/3/17;TSU;;Agung;Lesser Sunda Is;Indonesia;-8,342;115,508;3142;Stratovolcano;Historical;D1;4;P,T,M,A;1028;4;;3;624;3;;;;;1028;4;;3;624;3;;;;
V482;1963;5;5;1963/5/5;;;Semeru;Java;Indonesia;-8,108;112,92;3676;Stratovolcano;Historical;D1;2;T;1;1;;;;;;;;;1;1;;;;;;;;
V483;1963;5;16;1963/5/16;;EQ;Agung;Lesser Sunda Is;Indonesia;-8,342;115,508;3142;Stratovolcano;Historical;D1;3;;120;2;;;;;;;;;120;2;;;;;;;;
V484;1963;5;21;1963/5/21;;;Villarrica;Chile-C;Chile;-39,42;-71,93;2847;Stratovolcano;Historical;D1;2;M;;1;;;;;;;;;;1;;;;;;;;
V485;1963;9;5;1963/9/5;;;Batur;Lesser Sunda Is;Indonesia;-8,242;115,375;1717;Caldera;Historical;D1;2;;2;1;;;;;;;;1;2;1;;;;;;;;1
V486;1963;9;28;1963/9/28;;;Fuego;Guatemala;Guatemala;14,473;-90,88;3763;Stratovolcano;Historical;D1;3;M;7;1;;;;;;;;;7;1;;;;;;;;
V487;1964;1;1;1964/1/1;;;Paluweh;Lesser Sunda Is;Indonesia;-8,32;121,708;875;Stratovolcano;Historical;D1;2;;1;1;;;3;1;;;;;1;1;;;3;1;;;;
V488;1964;3;3;1964/3/3;;;Villarrica;Chile-C;Chile;-39,42;-71,93;2847;Stratovolcano;Historical;D1;2;M;25;1;;;;;;;;;25;1;;;;;;;;
V489;1964;12;13;1964/12/13;;;Dieng Volc Complex;Java;Indonesia;-7,2;109,92;2565;Complex volcano;Historical;D1;1;;114;3;;;;;;;;;114;3;;;;;;;;
V490;1965;9;28;1965/9/28;TSU;;Taal;Luzon-Philippines;Philippines;14,002;120,993;400;Stratovolcano;Historical;D1;4;P,W;355;3;;;;;;1;;1;355;3;;;;;;1;;1
V491;1966;1;13;1966/1/13;TSU;;Tinakula;Santa Cruz Is-SW Pac;Solomon Islands;-10,38;165,8;851;Stratovolcano;Historical;D1;3;;;;;;;;;;;;;;;;;;;;;
V492;1966;4;26;1966/4/26;;;Kelut;Java;Indonesia;-7,93;112,308;1731;Stratovolcano;Historical;D1;4;M,m,P;215;3;78;2;86;2;;;;;215;3;78;2;86;2;;;;
V493;1966;8;12;1966/8/12;;;Awu;Sangihe Is-Indonesia;Indonesia;3,67;125,5;1320;Stratovolcano;Historical;D1;4;P,M,I;39;1;;;1000;3;;;;2;39;1;;;1000;3;;;;2
V494;1966;8;14;1966/8/14;;;Lengai, Ol Doinyo;Africa-E;Tanzania;-2,751;35,902;2890;Stratovolcano;Historical;D1;4;;;;;;;;;1;;;;;;;;;;1;;
V495;1967;1;12;1967/1/12;;;Merapi;Java;Indonesia;-7,542;110,442;2947;Stratovolcano;Historical;D1;3;P;3;1;;;;;;;;;3;1;;;;;;;;
V496;1967;7;8;1967/7/8;;;Lengai, Ol Doinyo;Africa-E;Tanzania;-2,751;35,902;2890;Stratovolcano;Historical;D1;3;;;;;;;;;1;;;;;;;;;;1;;
V497;1967;8;31;1967/8/31;;;Semeru;Java;Indonesia;-8,108;112,92;3676;Stratovolcano;Historical;D1;3;M;3;1;;;;;;1;;;3;1;;;;;;1;;
V498;1967;12;4;1967/12/4;TSU;;Deception Island;Antarctica;Antarctica;-62,97;-60,65;576;Caldera;Historical;D1;3;;;;;;;;;;;;;;;;;;;;;
V499;1968;1;;;;;Semeru;Java;Indonesia;-8,108;112,92;3676;Stratovolcano;Historical;D1;2;m;372;3;120;3;152;3;;;;;372;3;120;3;152;3;;;;
V500;1968;4;21;1968/4/21;;;Mayon;Luzon-Philippines;Philippines;13,257;123,685;2462;Stratovolcano;Historical;D1;3;M,P;6;1;;;;;;;;;6;1;;;;;;;;
V501;1968;7;29;1968/7/29;;;Arenal;Costa Rica;Costa Rica;10,463;-84,703;1657;Stratovolcano;Historical;D1;3;P,T;80;2;;;;;;;;;80;2;;;;;;;;
V502;1969;1;28;1969/1/28;;;Iya;Lesser Sunda Is;Indonesia;-8,88;121,63;637;Stratovolcano;Historical;D1;3;T,m;2;1;;;10;1;;;287;2;2;1;;;10;1;;;287;2
V503;1969;3;21;1969/3/21;TSU;;Didicas;Luzon-N of;Philippines;19,077;122,202;244;Compound volcano;Historical;D1;2;W;;;;;;;;;;;3;1;;;;;;;;
V504;1970;5;5;1970/5/5;;;Hekla;Iceland-S;Iceland;63,98;-19,7;1491;Stratovolcano;Historical;D1;3;;;;;;;;;1;;;;;;;;;;1;;
V505;1971;8;12;1971/8/12;;;Hudson, Cerro;Chile-S;Chile;-45,9;-72,97;1905;Stratovolcano;Historical;D1;3;M;5;1;;;;;;;;;3;1;;;;;;;;
V506;1971;9;6;1971/9/6;TSU;;Tinakula;Santa Cruz Is-SW Pac;Solomon Islands;-10,38;165,8;851;Stratovolcano;Historical;D1;2;;;;;;;;;;;;;;;;;;;;;
V507;1971;9;14;1971/9/14;;;Fuego;Guatemala;Guatemala;14,473;-90,88;3763;Stratovolcano;Historical;D1;3;M,T;10;1;;;;;;;;;10;1;;;;;;;;
V508;1971;10;26;1971/10/26;;;La Palma;Canary Is;Spain;28,58;-17,83;2426;Stratovolcano;Historical;D1;2;;;1;;;;;;1;;;;1;;;;;;1;;
V509;1971;10;29;1971/10/29;;;Villarrica;Chile-C;Chile;-39,42;-71,93;2847;Stratovolcano;Historical;D1;2;M;15;1;;;;;;;;;15;1;;;;;;;;
V510;1972;6;9;1972/6/9;;;Fournaise, Piton de la;Indian O-W;Runion;-21,229;55,713;2631;Shield volcano;Historical;D1;2;I;3;1;;;;;;;;;3;1;;;;;;;;
V511;1972;10;9;1972/10/9;TSU;;Ritter Island;New Guinea-NE of;Papua New Guinea;-5,52;148,121;140;Stratovolcano;Historical;D1;1;;;;;;;;;;;;;;;;;;;;;
V512;1973;1;27;1973/1/27;;;Vestmannaeyjar;Iceland-S;Iceland;63,43;-20,28;279;Submarine volcano;Historical;D1;3;G;1;1;;;;;;;;;1;1;;;;;;;;
V513;1973;1;;;;;Paluweh;Lesser Sunda Is;Indonesia;-8,32;121,708;875;Stratovolcano;Historical;D1;3;;;;;;;;;1;;1;;;;;;;;1;;1
V514;1973;1;;;;;Semeru;Java;Indonesia;-8,108;112,92;3676;Stratovolcano;Historical;D1;2;M;12;1;;;;;;;;;12;1;;;;;;;;
V515;1973;4;5;1973/4/5;;;Hudson, Cerro;Chile-S;Chile;-45,9;-72,97;1905;Stratovolcano;Historical;D1;;M;2;1;;;;;;1;;1;2;1;;;;;;1;;1
V516;1973;12;5;1973/12/5;;;Iliwerung;Lesser Sunda Is;Indonesia;-8,54;123,59;1018;Complex volcano;Historical;D1;2;W;2;1;;;;;;;;;2;1;;;;;;;;
V517;1974;2;11;1974/2/11;;;Karangetang [Api Siau];Sangihe Is-Indonesia;Indonesia;2,78;125,48;1784;Stratovolcano;Historical;D1;3;A;4;1;;;;;;;;;4;1;;;;;;;;
V518;1974;6;17;1974/6/17;;;Sakura-jima;Kyushu-Japan;Japan;31,58;130,67;1117;Stratovolcano;Historical;D1;3;M;3;1;;;;;;;;;3;1;;;;;;;;
V519;1974;7;28;1974/7/28;;;Niigata-Yake-yama;Honshu-Japan;Japan;36,92;138,03;2400;Lava dome;Historical;D1;2;T;3;1;;;;;;;;;3;1;;;;;;;;
V520;1974;8;9;1974/8/9;;;Sakura-jima;Kyushu-Japan;Japan;31,58;130,67;1117;Stratovolcano;Historical;D1;3;M;5;1;;;;;;;;;5;1;;;;;;;;
V521;1974;10;10;1974/10/10;;;Fuego;Guatemala;Guatemala;14,473;-90,88;3763;Stratovolcano;Historical;D1;4;T,M;;1;;;;;;;;;;1;;;;;;;;
V522;1974;10;17;1974/10/17;TSU;;Ritter Island;New Guinea-NE of;Papua New Guinea;-5,52;148,121;140;Stratovolcano;Historical;D1;1;;;;;;;;;;;;;;;;;;;;;
V523;1975;1;;;;;Marapi;Sumatra;Indonesia;-0,381;100,473;2891;Complex volcano;Historical;D1;2;M;80;2;;;;;;3;;3;80;2;;;;;;3;;3
V524;1975;6;17;1975/6/17;;;Arenal;Costa Rica;Costa Rica;10,463;-84,703;1657;Stratovolcano;Historical;D1;3;;2;1;;;;1;;;;;2;1;;;;1;;;;
V525;1975;11;29;1975/11/29;TSU;EQ;Kilauea;Hawaiian Is;United States;19,425;-155,292;1222;Shield volcano;Historical;D1;0;W;;;;;;;;;;;2;1;;;;1;4;2;;
V526;1976;8;12;1976/8/12;;;Sangay;Ecuador;Ecuador;-2,03;-78,33;5230;Stratovolcano;Historical;D1;3;T;2;1;;;4;1;;;;;2;1;;;4;1;;;;
V527;1976;8;31;1976/8/31;;;Semeru;Java;Indonesia;-8,108;112,92;3676;Stratovolcano;Historical;D1;2;M;119;3;;;;;;;;;119;3;;;;;;;;
V528;1976;9;15;1976/9/15;;;Karangetang [Api Siau];Sangihe Is-Indonesia;Indonesia;2,78;125,48;1784;Stratovolcano;Historical;D1;2;P;1;1;;;1;1;;;24;1;1;1;;;1;1;;;24;1
V529;1977;1;10;1977/1/10;;;Nyiragongo;Africa-C;Congo;-1,52;29,25;3470;Stratovolcano;Historical;D1;1;L;;2;;;;;;3;;;;2;;;;;;3;;
V530;1977;4;5;1977/4/5;;;Karthala;Indian O-W;Comoros;-11,75;43,38;2361;Shield volcano;Historical;D1;0;;;1;;;;;;1;;;;1;;;;;;1;;
V531;1977;4;27;1977/4/27;;;Krafla;Iceland-NE;Iceland;65,73;-16,78;650;Caldera;Historical;D1;1;;;;;;;;;1;;;;;;;;;;1;;
V532;1977;8;2;1977/8/2;;;Kliuchevskoi;Kamchatka;Russia;56,057;160,638;4835;Stratovolcano;Historical;D1;3;T;1;1;;;;;;;;;1;1;;;;;;;;
V533;1978;1;13;1978/1/13;;;Usu;Hokkaido-Japan;Japan;42,53;140,83;731;Stratovolcano;Historical;D1;3;m;3;1;;;2;1;;;;;3;1;;;2;1;;;;
V534;1978;7;29;1978/7/29;;;Bulusan;Luzon-Philippines;Philippines;12,77;124,05;1565;Stratovolcano;Historical;D1;2;;;;;;;;;1;;;;;;;;;;1;;
V535;1978;9;2;1978/9/2;;;Santa Maria;Guatemala;Guatemala;14,756;-91,552;3772;Stratovolcano;Historical;D1;3;M;1;1;;;;;;;;;1;1;;;;;;;;
V536;1979;2;20;1979/2/20;;;Dieng Volc Complex;Java;Indonesia;-7,2;109,92;2565;Complex volcano;Historical;D1;1;G;149;3;;;;;;;;;149;3;;;;;;;;
V537;1979;3;8;1979/3/8;;;Karkar;New Guinea-NE of;Papua New Guinea;-4,649;145,964;1839;Stratovolcano;Historical;D1;2;P;2;1;;;;;;;;;2;1;;;;;;;;
V538;1979;7;5;1979/7/5;;;Etna;Italy;Italy;37,734;15,004;3350;Stratovolcano;Historical;D1;2;T;9;1;;;23;1;;;;;9;1;;;23;1;;;;
V539;1979;9;6;1979/9/6;;;Aso;Kyushu-Japan;Japan;32,88;131,1;1592;Caldera;Historical;D1;2;T;3;1;;;11;1;;;;;3;1;;;11;1;;;;
V540;1980;5;18;1980/5/18;TSU;EQ;St. Helens;US-Washington;United States;46,2;-122,18;2549;Stratovolcano;Historical;D1;5;P,M,T;57;2;;;;;2000;4;;;57;2;;;;;2000;4;;
V541;1980;8;17;1980/8/17;;;Hekla;Iceland-S;Iceland;63,98;-19,7;1491;Stratovolcano;Historical;D1;3;;;;;;;;;1;;;;;;;;;;1;;
V542;1981;3;17;1981/3/17;;;Etna;Italy;Italy;37,734;15,004;3350;Stratovolcano;Historical;D1;2;;;;;;;;10;3;;;;;;;;;;;;
V543;1981;4;27;1981/4/27;;;Alaid;Kuril Is;Russia;50,858;155,55;2339;Stratovolcano;Historical;D1;2;;;;;;;;;1;;;;;;;;;;1;;
V544;1981;6;30;1981/6/30;;;Mayon;Luzon-Philippines;Philippines;13,257;123,685;2462;Stratovolcano;Historical;D1;;m;200;3;;;;;;;;;200;3;;;;;;;;
V545;1981;9;5;1981/9/5;;;Paluweh;Lesser Sunda Is;Indonesia;-8,32;121,708;875;Stratovolcano;Historical;D1;2;P;;;;;;;;1;;1;;;;;;;;1;;1
V546;1982;3;28;1982/3/28;;EQ;Chichon, El;Mexico;Mexico;17,36;-93,228;1150;Tuff cone;Historical;D1;5;P,T,M,S;1879;4;1755;4;;;3,3;2;;;1879;4;1755;4;;;3,3;2;;
V547;1982;4;4;1982/4/4;;;Chichon, El;Mexico;Mexico;17,36;-93,228;1150;Tuff cone;Historical;D1;5;P;33;1;;;;;;;;;33;1;;;;;;;;
V548;1982;5;17;1982/5/17;;;Galunggung;Java;Indonesia;-7,25;108,05;2168;Stratovolcano;Historical;D1;4;I,T;68;2;;;;;15;3;;;68;2;;;;;15;3;;
V549;1982;5;27;1982/5/27;;;Chichon, El;Mexico;Mexico;17,36;-93,228;1150;Tuff cone;Historical;D1;5;m;1;1;;;;;;;;;1;1;;;;;;;;
V550;1983;3;8;1983/3/8;;;Kliuchevskoi;Kamchatka;Russia;56,057;160,638;4835;Stratovolcano;Historical;D1;2;T;1;1;;;;;;;;;1;1;;;;;;;;
V551;1983;7;23;1983/7/23;;;Colo [Una Una];Sulawesi-Indonesia;Indonesia;-0,17;121,608;507;Stratovolcano;Historical;D1;4;;;;;;;;;1;;;;;;;;;;1;;
V552;1983;8;17;1983/8/17;TSU;;Iliwerung;Lesser Sunda Is;Indonesia;-8,54;123,59;1018;Complex volcano;Historical;D1;1;W;;;;;;;;;;;;;;;;;;;;
V553;1983;10;3;1983/10/3;;EQ;Miyake-jima;Izu Is-Japan;Japan;34,08;139,53;815;Stratovolcano;Historical;D1;3;;;;;;;;;1;;;;;;;;;;2;;
V554;1984;8;15;1984/8/15;;;San Joaquin;Africa-W;Equatorial Guinea;3,35;8,63;2009;Shield volcano;Holocene;U;;G;37;1;;;;;;;;;37;1;;;;;;;;
V555;1984;9;9;1984/9/9;;;Mayon;Luzon-Philippines;Philippines;13,257;123,685;2462;Stratovolcano;Historical;D1;3;M;1;1;;;;;;;;;1;1;;;;;;;;
V556;1985;11;13;1985/11/13;;;Ruiz;Colombia;Colombia;4,895;-75,322;5321;Stratovolcano;Historical;D1;3;M;23080;4;;;10000;4;;;;;23080;4;;;10000;4;;;;
V557;1986;7;24;1986/7/24;;;Stromboli;Italy;Italy;38,789;15,213;926;Stratovolcano;Historical;D1;2;T;1;1;;;;;;;;;1;1;;;;;;;;
V558;1986;8;21;1986/8/21;;;Oku Volc Field;Africa-W;Cameroon;6,25;10,5;3011;Maar;Radiocarbon;D5;3;G;1700;4;;;300;3;;;;;1700;4;;;300;3;;;;
V559;1986;10;15;1986/10/15;;;Merapi;Java;Indonesia;-7,542;110,442;2947;Stratovolcano;Historical;D1;2;M;1;1;;;;;;;;;1;1;;;;;;;;
V560;1986;11;15;1986/11/15;;;Oshima;Izu Is-Japan;Japan;34,73;139,38;758;Stratovolcano;Historical;D1;3;I;1;1;;;;;;;;;1;1;;;;;;;;
V561;1987;1;25;1987/1/25;;;Pacaya;Guatemala;Guatemala;14,381;-90,601;2552;Complex volcano;Historical;D1;3;;;;;;15;1;;1;63;2;;;;;15;1;;1;63;2
V562;1987;4;17;1987/4/17;;;Etna;Italy;Italy;37,734;15,004;3350;Stratovolcano;Historical;D1;2;T;2;1;;;7;1;;;;;2;1;;;7;1;;;;
V563;1987;12;1;1987/12/1;;EQ;Sirung;Lesser Sunda Is;Indonesia;-8,51;124,148;862;Complex volcano;Historical;D1;;;;;;;;;;;;;125;3;;;;3;5;3;237;3
V564;1988;5;9;1988/5/9;;;Banda Api;Banda Sea;Pacific Ocean;-4,525;129,871;640;Caldera;Historical;D1;3;T,L;4;1;;;;;;;;;4;1;;;;;;;;
V565;1988;7;6;1988/7/6;;;Arenal;Costa Rica;Costa Rica;10,463;-84,703;1657;Stratovolcano;Historical;D1;3;T;1;1;;;;;;;;;1;1;;;;;;;;
V566;1988;12;25;1988/12/25;;;Lonquimay;Chile-C;Chile;-38,377;-71,58;2865;Stratovolcano;Historical;D1;3;T;1;1;;;;;;;;;1;1;;;;;;;;
V567;1990;2;2;1990/2/2;;;Shiveluch;Kamchatka;Russia;56,653;161,36;3283;Stratovolcano;Historical;D1;3;;;;;;;;;1;;;;;;;;;;1;;
V568;1990;2;10;1990/2/10;;;Kelut;Java;Indonesia;-7,93;112,308;1731;Stratovolcano;Historical;D1;4;T,P;32;1;;;;;;;;;32;1;;;;;;;;
V569;1990;5;29;1990/5/29;;;Sabancaya;Peru;Peru;-15,78;-71,85;5967;Stratovolcano;Historical;D1;3;;;;;;;;;1;;;;;;;;;;1;;
V570;1990;7;19;1990/7/19;;;Santa Maria;Guatemala;Guatemala;14,756;-91,552;3772;Stratovolcano;Historical;D1;3;T;4;1;;;;;;;;;4;1;;;;;;;;
V571;1990;11;17;1990/11/17;;;Unzen;Kyushu-Japan;Japan;32,75;130,3;1500;Complex volcano;Historical;D1;1;P;43;1;;;;;;;;;43;1;;;;;;;;
V572;1991;6;15;1991/6/15;;EQ;Pinatubo;Luzon-Philippines;Philippines;15,13;120,35;1486;Stratovolcano;Historical;D1;6;P,m,I;450;3;;;4;1;;3;;;450;3;;;4;1;;3;;
V573;1991;7;3;1991/7/3;;;Karthala;Indian O-W;Comoros;-11,75;43,38;2361;Shield volcano;Historical;D1;2;;;;;;;;;1;;;;;;;;;;1;;
V574;1991;8;8;1991/8/8;;;Hudson, Cerro;Chile-S;Chile;-45,9;-72,97;1905;Stratovolcano;Historical;D1;5;;;;;;;;;1;;;;;;;;;;1;;
V575;1991;10;24;1991/10/24;;;Lokon-Empung;Sulawesi-Indonesia;Indonesia;1,358;124,792;1580;Stratovolcano;Historical;D1;1;T,P;1;1;;;;;;;;;1;1;;;;;;;;
V576;1991;12;14;1991/12/14;;;Etna;Italy;Italy;37,734;15,004;3350;Stratovolcano;Historical;D1;2;;;;;;;;2,5;2;;;;;;;;;2,5;2;;
V577;1992;4;13;1992/4/13;;;Negro, Cerro;Nicaragua;Nicaragua;12,506;-86,702;728;Cinder cone;Historical;D1;3;I;2;1;;;;;;;;;2;1;;;;;;;;
V578;1992;5;11;1992/5/11;;;Karangetang [Api Siau];Sangihe Is-Indonesia;Indonesia;2,78;125,48;1784;Stratovolcano;Historical;D1;1;P;6;1;;;;;;;;;6;1;;;;;;;;
V579;1992;7;12;1992/7/12;;;Pinatubo;Luzon-Philippines;Philippines;15,13;120,35;1486;Stratovolcano;Historical;D1;1;m;6;1;;;;;;;;;6;1;;;;;;;;
V580;1992;9;17;1992/9/17;;;Spurr;Alaska-SW;United States;61,3;-152,25;3374;Stratovolcano;Historical;D1;3;;;;;;;;2;2;;;;;;;;;2;2;;
V581;1993;1;14;1993/1/14;;;Galeras;Colombia;Colombia;1,22;-77,37;4276;Complex volcano;Historical;D1;2;T;9;1;;;;;;;;;9;1;;;;;;;;
V582;1993;2;2;1993/2/2;;;Mayon;Luzon-Philippines;Philippines;13,257;123,685;2462;Stratovolcano;Historical;D1;2;P;75;2;;;;;;;;;75;2;;;;;;;;
V583;1993;4;19;1993/4/19;;;Kilauea;Hawaiian Is;United States;19,425;-155,292;1222;Shield volcano;Historical;D1;0;A;1;1;;;22;1;;;;;1;1;;;22;1;;;;
V584;1993;6;13;1993/6/13;;;Krakatau;Indonesia;Indonesia;-6,102;105,423;813;Caldera;Historical;D1;1;T;1;1;;;5;1;;;;;1;1;;;5;1;;;;
V585;1993;6;23;1993/6/23;;;Unzen;Kyushu-Japan;Japan;32,75;130,3;1500;Complex volcano;Historical;D1;1;P;1;1;;;;;;;;1;1;1;;;;;;;;1
V586;1994;1;;;;;Yasur;Vanuatu-SW Pacific;Vanuatu;-19,52;169,425;361;Stratovolcano;Historical;D1;3;;3;1;;;;;;;;;3;1;;;;;;;;
V587;1994;7;16;1994/7/16;;;Marapi;Sumatra;Indonesia;-0,381;100,473;2891;Complex volcano;Historical;D1;2;T;1;1;;;5;1;;;;;1;1;;;5;1;;;;
V588;1994;9;19;1994/9/19;TSU;;Rabaul;New Britain-SW Pac;Papua New Guinea;-4,271;152,203;688;Pyroclastic shield;Historical;D1;3;T;4;1;;;;;35;4;;;;;;;;;;;;
V589;1994;11;22;1994/11/22;;;Merapi;Java;Indonesia;-7,542;110,442;2947;Stratovolcano;Historical;D1;3;;60;2;;;;;;;;;60;2;;;;;;;;
V590;1995;4;2;1995/4/2;;;Fogo;Cape Verde Is;Cape Verde;14,95;-24,35;2829;Stratovolcano;Historical;D1;2;;;;;;20;1;;1;10;1;;;;;20;1;;1;10;1
V591;1996;1;2;1996/1/2;TSU;;Karymsky;Kamchatka;Russia;54,05;159,43;1536;Stratovolcano;Historical;D1;2;;;;;;;;;;;;;;;;;;;;;
V592;1996;4;30;1996/4/30;;;Popocatepetl;Mexico;Mexico;19,023;-98,622;5426;Stratovolcano;Historical;D1;3;;5;1;;;;;;1;;;5;1;;;;;;1;;
V593;1996;5;5;1996/5/5;;;Semeru;Java;Indonesia;-8,108;112,92;3676;Stratovolcano;Historical;D1;2;P;1;1;;;;;;;;;1;1;;;;;;;;
V594;1996;9;30;1996/9/30;;;Grimsvotn;Iceland-NE;Iceland;64,42;-17,33;1725;Caldera;Historical;D1;3;;;;;;;;;1;;;;;;;;;;1;;
V595;1996;12;3;1996/12/3;;;Manam;New Guinea-NE of;Papua New Guinea;-4,1;145,061;1807;Stratovolcano;Historical;D1;3;P;13;1;;;29;1;;;;;13;1;;;29;1;;;;
V596;1997;4;17;1997/4/17;;;Karangetang [Api Siau];Sangihe Is-Indonesia;Indonesia;2,78;125,48;1784;Stratovolcano;Historical;D1;1;P;3;1;;;;;;;;;3;1;;;;;;;;
V597;1997;6;25;1997/6/25;;;Soufriere Hills;W Indies;Montserrat;16,72;-62,18;915;Stratovolcano;Historical;D1;3;P;22;1;1;;;;;;;;22;1;;;;;;;;
V598;1997;8;1;1997/8/1;;;Soufriere Hills;W Indies;Montserrat;16,72;-62,18;915;Stratovolcano;Historical;D1;3;;2;1;;;;;;;;;2;1;;;;;;;;
V599;1997;12;26;1997/12/26;TSU;;Soufriere Hills;W Indies;Montserrat;16,72;-62,18;915;Stratovolcano;Historical;D1;;;;;;;;;;;;;;;;;;;;;;
V600;1998;4;28;1998/4/28;;;Kilauea;Hawaiian Is;United States;19,425;-155,292;1222;Shield volcano;Historical;D1;;L;1;1;;;;;;;;;;;;;;;;;;
V601;1999;1;20;1999/1/20;TSU;;Soufriere Hills;W Indies;Montserrat;16,72;-62,18;915;Stratovolcano;Historical;D1;3;;;;;;;;;;;;;;;;;;;;;
V602;1999;5;21;1999/5/21;;;Fuego;Guatemala;Guatemala;14,473;-90,88;3763;Stratovolcano;Historical;D1;2;;;;;;;;;;;;;;;;;;;;;
V603;1999;8;15;1999/8/15;;;Shiveluch;Kamchatka;Russia;56,653;161,36;3283;Stratovolcano;Historical;D1;4;;;;;;;;;1;;;;;;;;;;;;
V604;2000;6;27;2000/6/27;TSU;EQ;Miyake-jima;Izu Is-Japan;Japan;34,08;139,53;815;Stratovolcano;Historical;D1;2;;;;;;;;;1;;;1;1;;;;3;;1;;
V605;2000;11;3;2000/11/3;;;Kilauea;Hawaiian Is;United States;19,425;-155,292;1222;Shield volcano;Historical;D1;;G;2;1;;;;;;;;;2;1;;;;;;;;
V606;2001;5;14;2001/5/14;;;Etna;Italy;Italy;37,734;15,004;3350;Stratovolcano;Historical;D1;3;;1;1;;;;;;1;;;1;1;;;;;;1;;
V607;2001;7;26;2001/7/26;;;Etna;Italy;Italy;37,734;15,004;3350;Stratovolcano;Historical;D1;2;;;;;;;;;1;;1;;;;;;;;1;;1
V608;2002;1;3;2002/1/3;;;Karangetang [Api Siau];Sangihe Is-Indonesia;Indonesia;2,78;125,48;1784;Stratovolcano;Historical;D1;3;M;;;;;;;;1;;1;;;;;;;;1;;1
V609;2002;1;17;2002/1/17;;;Nyiragongo;Africa-C;Congo;-1,52;29,25;3470;Stratovolcano;Historical;D1;1;;100;2;;;400;3;;3;;3;100;2;;;;3;;3;;3
V610;2002;8;28;2002/8/28;;EQ;Etna;Italy;Italy;37,734;15,004;3350;Stratovolcano;Historical;D1;3;;;;;;32;1;;2;;2;;;;;32;1;;2;;2
V611;2002;12;30;2002/12/30;TSU;;Stromboli;Italy;Italy;38,789;15,213;926;Stratovolcano;Historical;D1;;;;;;;;1;;1;;1;;;;;;1;;1;;1
V612;2003;7;12;2003/7/12;TSU;;Soufriere Hills;W Indies;Montserrat;16,72;-62,18;915;Stratovolcano;Historical;D1;3;;;;;;;;;;;;;;;;;;;;;
V613;2004;6;8;2004/6/8;;;Tengger Caldera;Java;Indonesia;-7,942;112,95;2329;Stratovolcano;Historical;D1;2;T;2;1;;;5;1;;;;;;;;;;;;;;
V614;2004;10;24;2004/10/24;;;Manam;New Guinea-NE of;Papua New Guinea;-4,1;145,061;1807;Stratovolcano;Historical;D1;4;T;5;1;;;;;;;;;5;1;;;;;;;;
V615;2005;1;27;2005/1/27;;;Manam;New Guinea-NE of;Papua New Guinea;-4,1;145,061;1807;Stratovolcano;Historical;D1;4;T;1;1;;;14;1;;;;;1;1;;;14;1;;;;
V616;2005;11;24;2005/11/24;;;Karthala;Indian O-W;Comoros;-11,75;43,38;2361;Shield volcano;Historical;D1;;;;1;;;;;;1;;;;1;;;;;;1;;
V617;2006;3;17;2006/3/17;;;Raoul Island;Kermadec Is;New Zealand;-29,27;-177,92;516;Stratovolcano;Historical;D1;;;1;1;;;;;;;;;1;1;;;;;;;;
V618;2006;5;20;2006/5/20;TSU;;Soufriere Hills;W Indies;Montserrat;16,72;-62,18;915;Stratovolcano;Historical;D1;2;P;;;;;;;;;;;;;;;;;;;;
V619;2006;6;7;2006/6/7;;;Bulusan;Luzon-Philippines;Philippines;12,77;124,05;1565;Stratovolcano;Historical;D1;2;;1;1;;;;;;;;;;;;;;;;;;
V620;2006;6;14;2006/6/14;;;Merapi;Java;Indonesia;-7,542;110,442;2947;Stratovolcano;Historical;D1;1;;2;1;;;;;;;;;2;1;;;;;;;;
V621;2006;7;13;2006/7/13;;;Mayon;Luzon-Philippines;Philippines;13,257;123,685;2462;Stratovolcano;Historical;D1;1;m;1266;4;;;;;;1;;;1266;4;;;;;;1;;
V622;2006;7;18;2006/7/18;;;Tungurahua;Ecuador;Ecuador;-1,467;-78,442;5023;Stratovolcano;Historical;D1;3;;1;1;;;;;;;;;1;1;;;;;;;;
V623;2006;8;17;2006/8/17;;;Tungurahua;Ecuador;Ecuador;-1,467;-78,442;5023;Stratovolcano;Historical;D1;3;T;5;1;;2;13;1;;3;;3;6;1;;2;;2;;3;;3
V624;2007;3;;;;;Manam;New Guinea-NE of;Papua New Guinea;-4,1;145,061;1807;Stratovolcano;Historical;D1;4;M;4;1;;;1;1;;;;;4;1;;;1;1;;;;
V625;2007;4;18;2007/4/18;;;Huila;Colombia;Colombia;2,92;-76,05;5365;Stratovolcano;Historical;D5;;;;;;;;;;2;;1;;;;;;;;2;;1
V626;2007;9;30;2007/9/30;;;Tair, Jebel at;Red Sea;Yemen;15,7;41,742;244;Stratovolcano;Historical;D3;;;7;1;;;1;1;;;;;7;1;;;;1;;;;
V627;2008;5;2;2008/5/2;;;Chaiten;Chile-S;Chile;-42,833;-72,646;962;Caldera;Holocene;D1;;;1;1;;;;;;;;;1;1;;;;;;;;
V628;2008;8;8;2008/8/8;TSU;;Kasatochi;Aleutian Is;United States;52,18;-175,5;314;Stratovolcano;Historical;D1;3;;;;;;;;;;;;;;;;;;;;;
V629;2008;8;22;2008/8/22;;;Tungurahua;Ecuador;Ecuador;-1,467;-78,442;5023;Stratovolcano;Historical;D1;3;M;2;1;;;2;1;;1;2;1;2;1;;;2;1;;1;2;1
V630;2008;11;20;2008/11/20;;;Huila;Colombia;Colombia;2,92;-76,05;5365;Stratovolcano;Historical;D5;;;10;1;;1;;1;;;;;10;1;;1;;1;;;;
V631;2009;3;23;2009/3/23;;;Redoubt;Alaska-SW;United States;60,48;-152,75;3108;Stratovolcano;Historical;D1;;;;;;;;;;1;;;;;;;;;;;;
V632;2009;11;30;2009/11/30;;;Kilauea;Hawaiian Is;United States;19,425;-155,292;1222;Shield volcano;Historical;D1;;;;;;;;;;2;;;;;;;;;;2;;
V633;2010;1;;;;;Tungurahua;Ecuador;Ecuador;-1,467;-78,442;5023;Stratovolcano;Historical;D1;3;;;;;;;;;1;;;;;;;;;;1;;
V634;2010;3;31;2010/3/31;;;Eyjafjallajokull;Iceland-S;Iceland;63,63;-19,62;1666;Stratovolcano;Historical;D1;2;;2;1;;;;;;;;;2;1;;;;;;;;
V635;2010;5;27;2010/5/27;;;Pacaya;Guatemala;Guatemala;14,381;-90,601;2552;Complex volcano;Historical;D1;1;T;1;1;3;1;;;;1;3;1;1;1;3;1;;;;1;3;1
V636;2010;5;29;2010/5/29;TSU;EQ;Sarigan;Mariana Is-C Pacific;United States;16,708;145,78;538;Stratovolcano;Holocene;U;;;;;;;;;;;;;;;;;;;;;;
V637;2010;8;6;2010/8/6;;;Karangetang [Api Siau];Sangihe Is-Indonesia;Indonesia;2,78;125,48;1784;Stratovolcano;Historical;D1;3;;4;1;;;5;1;;;;1;4;1;;;5;1;;;;1
V638;2010;8;30;2010/8/30;;;Sinabung;Sumatra;Indonesia;3,17;98,392;2460;Stratovolcano;Holocene;U;;;2;1;;;;;;;;;2;1;;;;;;;;
V639;2010;10;26;2010/10/26;;;Merapi;Java;Indonesia;-7,542;110,442;2947;Stratovolcano;Historical;D1;;;324;3;;;427;3;600;4;;3;324;3;;;427;3;600;4;;3
V640;2010;11;;;;;Tungurahua;Ecuador;Ecuador;-1,467;-78,442;5023;Stratovolcano;Historical;D1;3;;;;;;;;;1;;;;;;;;;;1;;
V641;2010;12;28;2010/12/28;;;Tengger Caldera;Java;Indonesia;-7,942;112,95;2329;Stratovolcano;Historical;D1;;;;;;;;;;1;;;;;;;;;;;;
V642;2011;1;3;2011/1/3;;;Merapi;Java;Indonesia;-7,542;110,442;2947;Stratovolcano;Historical;D1;;M;1;1;;;1;1;;1;;;1;1;;;1;1;;1;;
V643;2011;1;28;2011/1/28;;;Kirishima;Kyushu-Japan;Japan;31,93;130,87;1700;Shield volcano;Historical;D1;;;;;;;;1;;1;;;;;;;;;;;;
V644;2011;2;23;2011/2/23;;;Bulusan;Luzon-Philippines;Philippines;12,77;124,05;1565;Stratovolcano;Historical;D1;2;;1;1;;;;;;;;;1;1;;;;;;;;
V645;2011;3;18;2011/3/18;;;Karangetang [Api Siau];Sangihe Is-Indonesia;Indonesia;2,78;125,48;1784;Stratovolcano;Historical;D1;;;;;;;;;;1;;;;;;;;;;1;;
V646;2011;4;;;;;Tungurahua;Ecuador;Ecuador;-1,467;-78,442;5023;Stratovolcano;Historical;D1;4;;;;;;;;;1;;;;;;;;;;1;;
V647;2011;6;4;2011/6/4;;;Puyehue;Chile-C;Chile;-40,59;-72,117;2236;Stratovolcano;Holocene;U;4;;;;;;;;;2;;;;;;;;;;2;;
V648;2011;6;22;2011/6/22;;;Nabro;Africa-NE;Eritrea;13,37;41,7;2218;Stratovolcano;Holocene;Unknown;3;;7;1;;;;3;;;;;7;1;;;;3;;;;
V649;2011;7;9;2011/7/9;;;Katla;Iceland-S;Iceland;63,63;-19,05;1512;Subglacial volcano;Historical;D2;;;;;;;;;;1;;;;;;;;;;1;;
V650;2011;7;17;2011/7/17;;;Lokon-Empung;Sulawesi-Indonesia;Indonesia;1,358;124,792;1580;Stratovolcano;Historical;D1;;;1;1;;;;;;;;;1;1;;;;;;;;
V651;2011;12;27;2011/12/27;;;Gamalama;Halmahera-Indonesia;Indonesia;0,8;127,325;1715;Stratovolcano;Historical;D1;3;m;4;1;;;;1;;;;;4;1;;;;1;;;;
V652;2012;2;10;2012/2/10;;;Kilauea;Hawaiian Is;United States;19,425;-155,292;1222;Shield volcano;Historical;D1;;;;;;;;;;2;;;;;;;;;;2;;
V653;2012;3;2;2012/3/2;;;Kilauea;Hawaiian Is;United States;19,425;-155,292;1222;Shield volcano;Historical;D1;;L;;;;;;;;1;1;1;;;;;;;;;;
V654;2012;12;12;2012/12/12;;;Tolbachik;Kamchatka;Russia;55,83;160,33;3682;Shield volcano;Historical;D1;;;;;;;;;;1;;;;;;;;;;1;;
V655;2013;2;12;2013/2/12;;;Merapi;Java;Indonesia;-7,542;110,442;2947;Stratovolcano;Historical;D1;;M;1;1;;;1;1;;1;;;1;1;;;1;1;;1;;
V656;2013;2;;;;;Paluweh;Lesser Sunda Is;Indonesia;-8,32;121,708;875;Stratovolcano;Historical;D1;;;;;;;;;;1;;1;;;;;;;;1;;1
V657;2013;5;7;2013/5/7;;;Mayon;Luzon-Philippines;Philippines;13,257;123,685;2462;Stratovolcano;Historical;D1;;;5;1;;;8;1;;;;;5;1;;;8;1;;;;
V658;2013;8;10;2013/8/10;;;Paluweh;Lesser Sunda Is;Indonesia;-8,32;121,708;875;Stratovolcano;Historical;D1;3;;5;1;;;;;;;;;5;1;;;;;;;;
V659;2013;9;1;2013/9/1;;;Ubinas;Peru;Peru;-16,355;-70,903;5672;Stratovolcano;Historical;D1;;;;;;;;;;1;;;;;;;;;;1;;
V660;2013;9;4;2013/9/4;;;Sakura-jima;Kyushu-Japan;Japan;31,58;130,67;1117;Stratovolcano;Historical;D1;;;;;;;;;;1;;;;;;;;;;;;
V661;2013;9;15;2013/9/15;;;Sinabung;Sumatra;Indonesia;3,17;98,392;2460;Stratovolcano;Holocene;U;2;;;;;;;;;2;;;;;;;;;;2;;
V662;2014;2;1;2014/2/1;;;Sinabung;Sumatra;Indonesia;3,17;98,392;2460;Stratovolcano;Holocene;U;;;17;1;;;3;1;;1;;2;17;1;;;3;1;;1;;2
V663;2014;2;13;2014/2/13;;;Kelut;Java;Indonesia;-7,93;112,308;1731;Stratovolcano;Historical;D1;;;7;1;;;;;;3;4098;4;7;1;;;;;;3;4098;4
V664;2014;9;27;2014/9/27;;;On-take;Honshu-Japan;Japan;35,9;137,48;3063;Complex volcano;Historical;D1;3;;55;2;;;70;2;;;;;55;2;;;70;2;;;;
V665;2014;11;10;2014/11/10;;;Kilauea;Hawaiian Is;United States;19,425;-155,292;1222;Shield volcano;Historical;D1;;;;;;;;;14,5;3;1;1;;;;;;;14,5;3;1;1
V666;2014;11;23;2014/11/23;;;Fogo;Cape Verde Is;Cape Verde;14,95;-24,35;2829;Stratovolcano;Historical;D1;;;;;;;;;;2;230;3;;;;;;;;2;230;3
V667;2014;12;18;2014/12/18;;;Gamalama;Halmahera-Indonesia;Indonesia;0,8;127,325;1715;Stratovolcano;Historical;D1;;;1;1;;;4;1;;;;;1;1;;;4;1;;;;
V668;2015;2;20;2015/2/20;;;Sinabung;Sumatra;Indonesia;3,17;98,392;2460;Stratovolcano;Holocene;U;;;;;;;;;;1;;1;;;;;;;;1;;1
V669;2015;4;22;2015/4/22;;;Calbuco;Chile-S;Chile;-41,326;-72,614;2003;Stratovolcano;Historical;D2;;;;;;;;;;2;;2;;;;;;;;2;;2
V670;2015;5;7;2015/5/7;;;Karangetang [Api Siau];Sangihe Is-Indonesia;Indonesia;2,78;125,48;1784;Stratovolcano;Historical;D1;;;;;;;;;;1;;1;;;;;;;;1;;1
V671;2015;7;31;2015/7/31;;;Manam;New Guinea-NE of;Papua New Guinea;-4,1;145,061;1807;Stratovolcano;Historical;D1;2;;;;;;2;1;;1;;;;;;;2;1;;1;;
V672;2015;10;16;2015/10/16;;;Sinabung;Sumatra;Indonesia;3,17;98,392;2460;Stratovolcano;Holocene;U;;M;1;1;;;;;;1;;;1;1;;;;;;1;;
